timestamp,total_customers_affected,incident_count
2026-09-05T20:35:32,5495,399
2026-09-05T21:05:32,5503,397
2026-09-05T21:35:32,4911,392
2026-09-05T22:05:32,4688,387
2026-09-05T22:20:32,4623,385
2026-09-05T22:35:32,4331,386
2026-09-06T02:35:30,3754,372
2026-09-06T03:05:30,3724,371
2026-09-06T07:35:31,3150,353
2026-09-06T08:35:30,3122,337
2026-09-06T09:35:31,3203,329
2026-09-06T10:20:30,2913,318
2026-09-06T10:50:30,2746,299
2026-09-06T11:05:30,2644,290
2026-09-06T12:20:31,2293,261
2026-09-06T13:05:30,2115,252
2026-09-06T13:50:30,2119,240
2026-09-06T14:20:30,1960,233
2026-09-06T14:50:31,1907,223
2026-09-06T15:05:30,1909,222
2026-09-06T15:20:31,1707,218
2026-09-06T15:50:31,1761,214
2026-09-06T16:05:30,1680,212
2026-09-06T16:20:31,1590,208
2026-09-06T16:35:30,1554,204
2026-09-06T17:05:31,1546,200
2026-09-06T17:20:29,1376,194
2026-09-06T18:35:30,945,173
2026-09-06T18:50:30,992,168
2026-09-06T20:50:30,513,130
2026-09-06T21:05:30,544,130
2026-09-06T22:50:30,323,105
2026-09-06T23:05:30,306,104
2026-09-06T23:20:30,284,101
2026-09-07T00:05:30,285,101
2026-09-07T00:20:30,281,100
2026-09-07T00:35:31,276,102
2026-09-07T00:50:31,239,98
2026-09-07T01:05:31,236,95
2026-09-07T01:20:31,232,93
2026-09-07T01:35:31,231,93
2026-09-07T01:50:30,231,94
2026-09-07T02:05:30,224,91
2026-09-07T02:20:30,225,91
2026-09-07T02:35:30,160,92
2026-09-07T02:50:30,160,92
2026-09-07T03:05:30,161,92
2026-09-07T03:20:30,161,92
2026-09-07T03:35:30,160,91
2026-09-07T03:50:30,159,90
2026-09-07T04:05:30,149,89
2026-09-07T04:20:31,146,87
2026-09-07T04:35:31,145,86
2026-09-07T04:50:31,143,85
2026-09-07T05:05:32,141,82
2026-09-07T05:20:30,140,81
2026-09-07T05:35:30,136,78
2026-09-07T05:50:30,128,77
2026-09-07T06:05:30,128,77
2026-09-07T06:20:30,127,76
2026-09-07T06:35:30,127,76
2026-09-07T06:50:30,118,74
2026-09-07T07:05:30,117,73
2026-09-07T07:20:30,119,73
2026-09-07T07:35:30,120,74
2026-09-07T07:50:31,117,73
2026-09-07T08:05:30,116,71
2026-09-07T08:20:30,116,71
2026-09-07T08:35:30,120,73
2026-09-07T08:50:31,115,74
2026-09-07T09:05:31,116,67
2026-09-07T09:20:31,115,65
2026-09-07T09:35:30,114,65
2026-09-07T09:50:30,125,59
2026-09-07T10:05:31,130,60
2026-09-07T10:20:31,119,54
2026-09-07T10:35:30,121,50
2026-09-07T10:50:30,116,47
2026-09-07T11:05:30,110,45
2026-09-07T11:20:30,101,43
2026-09-07T11:35:30,191,43
2026-09-07T11:50:30,124,38
2026-09-07T12:05:30,130,38
2026-09-07T12:20:31,142,41
2026-09-07T12:35:30,184,40
2026-09-07T12:50:30,373,38
2026-09-07T13:05:30,389,33
2026-09-07T13:20:31,193,33
2026-09-07T13:35:31,186,30
2026-09-07T13:50:30,164,29
2026-09-07T14:05:30,144,28
2026-09-07T14:20:30,144,28
2026-09-07T14:35:30,138,25
2026-09-07T14:50:31,223,23
2026-09-07T15:05:30,182,19
2026-09-07T15:20:30,185,16
2026-09-07T15:35:30,173,14
2026-09-07T15:50:30,174,14
2026-09-07T16:05:30,145,13
2026-09-07T16:20:30,884,13
2026-09-07T16:35:31,869,14
2026-09-07T16:50:30,860,15
2026-09-07T17:05:31,855,14
2026-09-07T17:20:30,904,17
2026-09-07T17:35:30,30,16
2026-09-07T17:50:30,29,14
2026-09-07T18:05:30,29,14
2026-09-07T18:20:30,29,14
2026-09-07T18:35:31,27,13
2026-09-07T18:50:31,52,14
2026-09-07T19:05:31,47,9
2026-09-07T19:20:31,41,7
2026-09-07T19:35:30,41,7
2026-09-07T19:50:30,40,6
2026-09-07T20:05:30,16,6
2026-09-07T20:20:30,80,6
2026-09-07T20:35:30,83,8
2026-09-07T20:50:30,85,10
2026-09-07T21:05:30,80,11
2026-09-07T21:20:30,79,10
2026-09-07T21:35:30,31,9
2026-09-07T21:50:30,31,9
2026-09-07T22:05:30,31,8
2026-09-07T22:20:30,32,8
2026-09-07T22:35:30,31,7
2026-09-07T22:50:31,28,4
2026-09-07T23:05:30,28,4
2026-09-07T23:20:33,29,4
2026-09-07T23:35:30,29,4
2026-09-07T23:50:30,29,4
2026-09-08T00:05:30,28,3
2026-09-08T00:20:30,29,4
2026-09-08T00:35:30,29,4
2026-09-08T00:50:31,23,3
2026-09-08T01:05:31,23,3
2026-09-08T01:20:30,39,4
2026-09-08T01:35:30,37,2
2026-09-08T01:50:29,37,2
2026-09-08T02:05:30,37,2
2026-09-08T02:20:30,2,1
2026-09-08T02:35:30,2,1
2026-09-08T02:50:30,2,1
2026-09-08T03:05:30,2,1
2026-09-08T03:20:30,0,0
2026-09-08T03:35:30,0,0
2026-09-08T03:50:30,0,0
2026-09-08T04:05:30,0,0
2026-09-08T04:20:31,0,0
2026-09-08T04:35:34,4,1
2026-09-08T04:50:30,58,2
2026-09-08T05:05:31,445,4
2026-09-08T05:20:31,444,3
2026-09-08T05:35:30,445,4
2026-09-08T05:50:31,261,3
2026-09-08T06:05:31,203,1
2026-09-08T06:20:30,204,2
2026-09-08T06:35:31,206,3
2026-09-08T06:50:30,199,6
2026-09-08T07:05:32,200,6
2026-09-08T07:20:31,200,6
2026-09-08T07:35:30,200,6
2026-09-08T07:50:31,200,6
2026-09-08T08:05:30,198,4
2026-09-08T08:20:30,203,9
2026-09-08T08:35:30,205,10
2026-09-08T08:50:30,205,11
2026-09-08T09:05:31,205,11
2026-09-08T09:20:30,213,19
2026-09-08T09:35:30,299,22
2026-09-08T09:50:30,299,19
2026-09-08T10:05:30,301,21
2026-09-08T10:20:31,303,22
2026-09-08T10:35:31,306,24
2026-09-08T10:50:31,308,26
2026-09-08T11:05:30,133,28
2026-09-08T11:20:31,42,25
2026-09-08T11:35:30,39,24
2026-09-08T11:50:30,39,24
2026-09-08T12:05:31,37,22
2026-09-08T12:20:30,37,22
2026-09-08T12:35:31,30,18
2026-09-08T12:50:31,29,17
2026-09-08T13:05:31,30,18
2026-09-08T13:20:31,18,17
2026-09-08T13:35:31,20,18
2026-09-08T13:50:31,23,17
2026-09-08T14:05:30,15,13
2026-09-08T14:20:31,15,13
2026-09-08T14:35:30,30,13
2026-09-08T14:50:31,29,12
2026-09-08T15:05:30,28,11
2026-09-08T15:20:30,32,11
2026-09-08T15:35:31,406,14
2026-09-08T15:50:31,406,14
2026-09-08T16:05:30,107,15
2026-09-08T16:20:30,108,16
2026-09-08T16:35:30,109,17
2026-09-08T16:50:30,114,17
2026-09-08T17:05:31,111,12
2026-09-08T17:20:31,111,12
2026-09-08T17:35:31,20,13
2026-09-08T17:50:31,17,10
2026-09-08T18:05:30,20,13
2026-09-08T18:20:30,20,13
2026-09-08T18:35:30,21,14
2026-09-08T18:50:30,18,11
2026-09-08T19:05:30,19,12
2026-09-08T19:20:30,18,11
2026-09-08T19:35:30,21,14
2026-09-08T19:50:30,22,15
2026-09-08T20:05:29,21,14
2026-09-08T20:20:29,21,14
2026-09-08T20:35:30,20,13
2026-09-08T20:50:31,20,13
2026-09-08T21:05:30,21,14
2026-09-08T21:20:30,21,14
2026-09-08T21:35:31,18,11
2026-09-08T21:50:31,14,7
2026-09-08T22:05:31,14,7
2026-09-08T22:20:31,5,5
2026-09-08T22:35:31,4,4
2026-09-08T22:50:31,4,4
2026-09-08T23:05:31,3,3
2026-09-08T23:20:31,3,3
2026-09-08T23:35:31,2,2
2026-09-08T23:50:31,2,2
2026-09-09T00:05:31,2,2
2026-09-09T00:20:31,2,2
2026-09-09T00:35:31,2,2
2026-09-09T00:50:31,2,2
2026-09-09T01:05:31,2,2
2026-09-09T01:20:31,1,1
2026-09-09T01:35:31,1,1
2026-09-09T01:50:31,1,1
2026-09-09T02:05:31,1,1
2026-09-09T02:20:31,1,1
2026-09-09T02:35:30,1,1
2026-09-09T02:50:31,1,1
2026-09-09T03:05:30,1,1
2026-09-09T03:20:31,1,1
2026-09-09T03:35:31,1,1
2026-09-09T03:50:30,1,1
2026-09-09T04:05:30,1,1
2026-09-09T04:20:32,1,1
2026-09-09T04:35:30,1,1
2026-09-09T04:50:30,1,1
2026-09-09T05:05:29,1,1
2026-09-09T05:20:30,2,2
2026-09-09T05:35:30,2,2
2026-09-09T05:50:30,2,2
2026-09-09T06:05:30,2,2
2026-09-09T06:20:30,2,2
2026-09-09T06:35:30,10,3
2026-09-09T06:50:30,1,1
2026-09-09T07:05:30,1,1
2026-09-09T07:20:31,3,2
2026-09-09T07:35:31,920,3
2026-09-09T08:05:31,920,3
2026-09-09T08:20:31,522,4
2026-09-09T08:35:31,537,5
2026-09-09T08:50:31,227,6
2026-09-09T09:05:31,242,6
2026-09-09T09:20:31,215,8
2026-09-09T09:35:34,37,7
2026-09-09T09:50:30,122,6
2026-09-09T10:05:30,157,9
2026-09-09T10:20:30,157,9
2026-09-09T10:35:30,155,8
2026-09-09T10:50:30,141,9
2026-09-09T11:05:31,67,11
2026-09-09T11:20:30,186,14
2026-09-09T11:35:30,183,11
2026-09-09T11:50:30,161,10
2026-09-09T12:05:31,46,14
2026-09-09T12:20:30,41,9
2026-09-09T12:35:30,41,9
2026-09-09T12:50:30,22,10
2026-09-09T13:05:30,9,7
2026-09-09T13:20:30,19,9
2026-09-09T13:35:31,18,8
2026-09-09T13:50:30,17,7
2026-09-09T14:05:30,32,10
2026-09-09T14:20:30,28,9
2026-09-09T14:35:30,29,10
2026-09-09T14:50:30,34,12
2026-09-09T15:05:30,35,13
2026-09-09T15:20:30,37,14
2026-09-09T15:35:30,37,13
2026-09-09T15:50:31,37,12
2026-09-09T16:05:31,33,10
2026-09-09T16:20:31,34,11
2026-09-09T16:35:31,40,12
2026-09-09T16:50:31,84,14
2026-09-09T17:05:31,84,14
2026-09-09T17:20:31,103,17
2026-09-09T17:35:31,110,18
2026-09-09T17:50:31,113,21
2026-09-09T18:05:31,123,21
2026-09-09T18:20:31,80,20
2026-09-09T18:35:31,78,18
2026-09-09T18:50:30,78,18
2026-09-09T19:20:30,65,18
2026-09-09T19:35:30,67,16
2026-09-09T19:50:30,47,16
2026-09-09T20:05:30,45,14
2026-09-09T20:20:30,46,14
2026-09-09T20:35:30,45,13
2026-09-09T20:50:30,47,13
2026-09-09T21:05:30,70,15
2026-09-09T21:20:31,4457,26
2026-09-09T21:35:30,4487,36
2026-09-09T21:50:30,5754,44
2026-09-09T22:05:30,1760,45
2026-09-09T22:20:30,1845,51
2026-09-09T22:35:31,1921,52
2026-09-09T22:50:30,365,48
2026-09-09T23:05:30,416,49
2026-09-09T23:20:30,413,50
2026-09-09T23:35:30,408,46
2026-09-09T23:50:30,301,46
2026-09-10T00:05:30,298,43
2026-09-10T00:20:30,343,43
2026-09-10T00:35:30,271,41
2026-09-10T00:50:31,203,38
2026-09-10T01:05:31,202,37
2026-09-10T01:20:31,193,28
2026-09-10T01:35:31,204,29
2026-09-10T01:50:31,202,28
2026-09-10T02:05:31,205,27
2026-09-10T02:20:30,200,22
2026-09-10T02:35:30,202,23
2026-09-10T02:50:30,203,22
2026-09-10T03:05:30,195,22
2026-09-10T03:20:30,196,22
2026-09-10T03:35:30,196,21
2026-09-10T03:50:30,197,22
2026-09-10T04:05:31,146,19
2026-09-10T04:20:31,147,20
2026-09-10T04:35:31,147,20
2026-09-10T04:50:31,123,18
2026-09-10T05:05:31,125,17
2026-09-10T05:20:31,119,17
2026-09-10T05:35:31,118,16
2026-09-10T05:50:31,118,16
2026-09-10T06:05:31,60,14
2026-09-10T06:20:31,60,14
2026-09-10T06:35:31,60,14
2026-09-10T06:50:30,58,14
2026-09-10T07:05:30,59,14
2026-09-10T07:20:30,89,14
2026-09-10T07:35:31,92,14
2026-09-10T07:50:30,97,14
2026-09-10T08:05:31,100,16
2026-09-10T08:20:30,226,15
2026-09-10T08:35:30,227,16
2026-09-10T08:50:31,230,19
2026-09-10T09:05:30,236,22
2026-09-10T09:20:33,235,20
2026-09-10T09:35:31,223,18
2026-09-10T09:50:31,222,17
2026-09-10T10:05:31,221,16
2026-09-10T10:20:31,218,16
2026-09-10T10:35:30,218,16
2026-09-10T10:50:31,84,12
2026-09-10T11:05:31,80,9
2026-09-10T11:20:31,81,10
2026-09-10T11:35:31,37,10
2026-09-10T11:50:31,29,10
2026-09-10T12:05:31,100,10
2026-09-10T12:20:31,84,9
2026-09-10T12:35:31,80,7
2026-09-10T12:50:31,77,7
2026-09-10T13:05:31,84,7
2026-09-10T13:20:30,85,8
2026-09-10T13:35:30,84,7
2026-09-10T13:50:30,206,26
2026-09-10T14:05:30,193,34
2026-09-10T14:20:30,105,12
2026-09-10T14:35:38,103,10
2026-09-10T14:50:30,110,10
2026-09-10T15:05:31,96,9
2026-09-10T15:20:31,24,8
2026-09-10T15:35:31,24,8
2026-09-10T15:50:30,24,8
2026-09-10T16:05:30,24,8
2026-09-10T16:20:31,24,8
2026-09-10T16:35:31,25,9
2026-09-10T16:50:30,25,9
2026-09-10T17:05:30,16,8
2026-09-10T17:20:31,25,8
2026-09-10T17:35:31,25,8
2026-09-10T17:50:30,26,9
2026-09-10T18:05:30,15,6
2026-09-10T18:20:30,16,7
2026-09-10T18:35:30,15,6
2026-09-10T18:50:30,13,4
2026-09-10T19:05:31,4,4
2026-09-10T19:20:31,3,3
2026-09-10T19:35:31,3,3
2026-09-10T19:50:31,3,3
2026-09-10T20:05:31,3,3
2026-09-10T20:20:31,4,4
2026-09-10T20:35:31,4,4
2026-09-10T20:50:31,6,5
2026-09-10T21:05:31,259,7
2026-09-10T21:20:31,259,7
2026-09-10T21:35:31,266,8
2026-09-10T21:50:31,282,6
2026-09-10T22:05:31,296,8
2026-09-10T22:20:31,295,7
2026-09-10T22:35:31,295,7
2026-09-10T22:50:30,295,7
2026-09-10T23:05:31,40,5
2026-09-10T23:20:31,40,5
2026-09-10T23:35:31,71,7
2026-09-10T23:50:31,72,8
2026-09-11T00:05:30,79,8
2026-09-11T00:20:30,78,7
2026-09-11T00:35:31,78,7
2026-09-11T00:50:31,78,7
2026-09-11T01:05:30,77,5
2026-09-11T01:20:30,77,5
2026-09-11T01:35:30,50,4
2026-09-11T01:50:30,50,4
2026-09-11T02:05:30,50,4
2026-09-11T02:20:30,50,4
2026-09-11T02:35:30,66,5
2026-09-11T02:50:31,67,6
2026-09-11T03:05:30,67,6
2026-09-11T03:20:30,178,9
2026-09-11T03:35:30,176,7
2026-09-11T03:50:30,173,6
2026-09-11T04:05:30,29,3
2026-09-11T04:20:31,29,3
2026-09-11T04:35:31,30,4
2026-09-11T04:50:31,29,3
2026-09-11T05:05:31,29,3
2026-09-11T05:20:31,40,3
2026-09-11T05:35:31,43,5
2026-09-11T05:50:31,43,5
2026-09-11T06:05:31,43,5
2026-09-11T06:20:31,44,5
2026-09-11T06:35:31,45,6
2026-09-11T06:50:31,46,6
2026-09-11T07:05:31,46,6
2026-09-11T07:20:31,47,7
2026-09-11T07:35:31,47,7
2026-09-11T07:50:31,46,6
2026-09-11T08:05:31,47,6
2026-09-11T08:20:31,81,6
2026-09-11T08:35:31,50,5
2026-09-11T08:50:31,53,8
2026-09-11T09:05:31,55,9
2026-09-11T09:20:31,58,12
2026-09-11T09:35:30,60,13
2026-09-11T09:50:31,61,14
2026-09-11T10:05:30,62,15
2026-09-11T10:20:31,47,15
2026-09-11T10:35:30,37,15
2026-09-11T10:50:31,36,14
2026-09-11T11:05:30,34,13
2026-09-11T11:20:31,51,15
2026-09-11T11:35:30,50,14
2026-09-11T11:50:31,44,13
2026-09-11T12:05:30,45,14
2026-09-11T12:20:32,47,15
2026-09-11T12:35:30,49,17
2026-09-11T12:50:31,47,17
2026-09-11T13:05:30,51,19
2026-09-11T13:20:31,50,18
2026-09-11T13:35:31,50,18
2026-09-11T13:50:31,51,19
2026-09-11T14:05:30,47,14
2026-09-11T14:20:32,46,13
2026-09-11T14:35:31,76,12
2026-09-11T14:50:31,75,11
2026-09-11T15:05:31,75,11
2026-09-11T15:20:31,73,9
2026-09-11T15:35:31,21,8
2026-09-11T15:50:31,22,8
2026-09-11T16:05:31,22,8
2026-09-11T16:20:31,12,9
2026-09-11T16:35:30,13,10
2026-09-11T16:50:31,13,10
2026-09-11T17:05:30,17,11
2026-09-11T17:20:31,22,11
2026-09-11T17:35:30,22,11
2026-09-11T17:50:31,20,9
2026-09-11T18:05:30,19,8
2026-09-11T18:20:30,18,7
2026-09-11T18:35:30,18,7
2026-09-11T18:50:30,18,7
2026-09-11T19:05:30,17,6
2026-09-11T19:20:30,13,5
2026-09-11T19:35:44,7,5
2026-09-11T19:50:30,9,7
2026-09-11T20:05:30,7,5
2026-09-11T20:20:36,7,5
2026-09-11T20:35:32,8,6
2026-09-11T20:50:31,9,7
2026-09-11T21:05:34,8,6
2026-09-11T21:20:36,5,3
2026-09-11T21:35:32,5,3
2026-09-11T21:51:03,4,2
2026-09-11T22:05:32,4,2
2026-09-11T22:20:33,4,2
2026-09-11T22:35:31,4,2
2026-09-11T22:50:40,4,2
2026-09-11T23:05:32,1,1
2026-09-11T23:20:31,1,1
2026-09-11T23:35:31,9,2
2026-09-11T23:50:34,9,2
2026-09-12T00:05:31,9,2
2026-09-12T00:20:41,9,2
2026-09-12T00:35:32,23,3
2026-09-12T00:50:37,27,4
2026-09-12T01:05:32,27,4
2026-09-12T01:35:34,28,4
2026-09-12T01:50:40,27,3
2026-09-12T02:05:39,27,3
2026-09-12T02:20:43,27,3
2026-09-12T02:35:34,27,3
2026-09-12T02:50:37,27,3
2026-09-12T03:05:33,27,3
2026-09-12T03:20:32,27,3
2026-09-12T03:35:32,27,3
2026-09-12T03:50:32,27,3
2026-09-12T04:05:32,19,2
2026-09-12T04:20:32,19,2
2026-09-12T04:35:32,19,2
2026-09-12T04:50:34,20,3
2026-09-12T05:05:33,20,3
2026-09-12T05:20:31,19,2
2026-09-12T05:35:32,19,2
2026-09-12T05:50:32,19,2
2026-09-12T06:05:31,1,1
2026-09-12T06:20:32,4,2
2026-09-12T06:35:32,4,2
2026-09-12T06:50:31,7,4
2026-09-12T07:05:31,26,6
2026-09-12T07:20:31,29,7
2026-09-12T07:35:32,34,9
2026-09-12T07:50:31,53,7
2026-09-12T08:05:32,55,9
2026-09-12T08:20:32,58,12
2026-09-12T08:35:31,100,12
2026-09-12T08:50:31,98,10
2026-09-12T09:05:31,107,11
2026-09-12T09:20:32,105,9
2026-09-12T09:35:31,107,10
2026-09-12T09:50:32,53,8
2026-09-12T10:05:31,53,8
2026-09-12T10:20:31,33,6
2026-09-12T10:35:31,33,6
2026-09-12T10:50:31,34,7
2026-09-12T11:05:31,36,9
2026-09-12T11:20:31,35,8
2026-09-12T11:35:31,35,8
2026-09-12T11:50:31,25,7
2026-09-12T12:05:31,25,7
2026-09-12T12:20:31,31,7
2026-09-12T12:35:31,33,9
2026-09-12T12:50:31,32,8
2026-09-12T13:05:31,216,8
2026-09-12T13:20:31,226,9
2026-09-12T13:35:31,226,9
2026-09-12T13:50:31,233,11
2026-09-12T14:05:31,213,8
2026-09-12T14:20:31,157,7
2026-09-12T14:35:32,156,6
2026-09-12T14:50:32,148,6
2026-09-12T15:05:31,148,6
2026-09-12T15:20:31,14,3
2026-09-12T15:35:31,13,2
2026-09-12T15:50:44,13,2
2026-09-12T16:05:31,7,1
2026-09-12T16:20:31,8,2
2026-09-12T16:35:31,8,2
2026-09-12T16:50:31,7,1
2026-09-12T17:05:31,0,0
2026-09-12T17:20:34,2,2
2026-09-12T17:35:31,2,1
2026-09-12T17:50:31,2,1
2026-09-12T18:05:31,2,1
2026-09-12T18:20:32,30,3
2026-09-12T18:35:31,33,4
2026-09-12T18:50:31,33,4
2026-09-12T19:05:31,143,4
2026-09-12T19:20:33,144,5
2026-09-12T19:35:31,144,5
2026-09-12T19:50:31,144,4
2026-09-12T20:05:31,141,3
2026-09-12T20:20:32,142,4
2026-09-12T20:35:31,142,4
2026-09-12T20:50:32,142,4
2026-09-12T21:05:31,29,2
2026-09-12T21:20:31,29,2
2026-09-12T21:35:31,28,1
2026-09-12T21:50:32,28,1
2026-09-12T22:05:31,28,1
2026-09-12T22:20:31,28,1
2026-09-12T22:35:31,29,1
2026-09-12T22:50:31,29,1
2026-09-12T23:05:31,29,1
2026-09-12T23:20:31,29,1
2026-09-12T23:35:31,0,0
2026-09-12T23:50:31,0,0
2026-09-13T00:20:31,0,0
2026-09-13T00:50:31,0,0
2026-09-13T01:05:31,1,1
2026-09-13T01:20:31,0,0
2026-09-13T01:35:31,13,1
2026-09-13T01:50:30,13,1
2026-09-13T02:05:30,0,0
2026-09-13T02:20:30,0,0
2026-09-13T02:35:30,0,0
2026-09-13T02:50:31,0,0
2026-09-13T03:05:30,0,0
2026-09-13T03:20:32,0,0
2026-09-13T03:35:31,0,0
2026-09-13T03:50:31,0,0
2026-09-13T04:05:31,0,0
2026-09-13T04:20:31,0,0
2026-09-13T04:35:31,0,0
2026-09-13T05:05:31,18,1
2026-09-13T05:20:31,18,1
2026-09-13T05:35:31,18,1
2026-09-13T05:50:31,18,1
2026-09-13T06:05:31,18,1
2026-09-13T06:20:32,18,1
2026-09-13T06:35:31,0,0
2026-09-13T06:50:33,0,0
2026-09-13T07:05:31,0,0
2026-09-13T07:20:31,0,0
2026-09-13T07:35:31,0,0
2026-09-13T07:50:31,0,0
2026-09-13T08:05:31,0,0
2026-09-13T08:20:31,0,0
2026-09-13T08:35:31,46,2
2026-09-13T08:50:31,47,3
2026-09-13T09:05:31,48,3
2026-09-13T09:20:31,48,3
2026-09-13T09:35:31,36,2
2026-09-13T09:50:31,34,2
2026-09-13T10:05:31,3,3
2026-09-13T10:20:31,6,6
2026-09-13T10:35:31,6,6
2026-09-13T10:50:31,6,6
2026-09-13T11:05:31,7,7
2026-09-13T11:20:31,7,7
2026-09-13T11:35:31,9,7
2026-09-13T11:50:31,8,7
2026-09-13T12:05:31,10,6
2026-09-13T12:20:31,10,6
2026-09-13T12:35:31,10,6
2026-09-13T12:50:31,10,6
2026-09-13T13:05:31,11,7
2026-09-13T13:20:31,11,7
2026-09-13T13:35:31,8,7
2026-09-13T13:50:31,8,7
2026-09-13T14:05:30,6,5
2026-09-13T14:20:30,6,5
2026-09-13T14:35:31,5,4
2026-09-13T14:50:31,4,3
2026-09-13T15:05:31,2,1
2026-09-13T15:20:59,2,1
2026-09-13T15:35:31,78,2
2026-09-13T15:50:31,30,2
2026-09-13T16:05:31,33,4
2026-09-13T16:20:31,35,4
2026-09-13T16:35:31,35,4
2026-09-13T16:50:31,37,4
2026-09-13T17:05:31,40,5
2026-09-13T17:20:31,48,6
2026-09-13T17:35:31,50,6
2026-09-13T17:50:31,35,10
2026-09-13T18:05:31,59,7
2026-09-13T18:20:31,61,8
2026-09-13T18:35:31,57,5
2026-09-13T18:50:31,57,5
2026-09-13T19:05:31,111,6
2026-09-13T19:20:31,109,5
2026-09-13T19:35:31,116,6
2026-09-13T19:50:30,116,6
2026-09-13T20:05:30,116,6
2026-09-13T20:20:31,116,6
2026-09-13T20:35:30,116,6
2026-09-13T20:50:31,67,6
2026-09-13T21:05:30,67,6
2026-09-13T21:20:32,76,8
2026-09-13T21:35:31,66,5
2026-09-13T21:50:31,63,4
2026-09-13T22:05:31,63,4
2026-09-13T22:20:31,63,4
2026-09-13T22:35:31,63,4
2026-09-13T22:50:31,63,4
2026-09-13T23:05:31,63,4
2026-09-13T23:20:31,62,3
2026-09-13T23:35:31,62,3
2026-09-13T23:50:31,62,3
2026-09-14T00:05:31,62,3
2026-09-14T00:20:31,62,3
2026-09-14T00:35:31,8,2
2026-09-14T00:50:31,8,2
2026-09-14T01:05:31,16,4
2026-09-14T01:20:31,16,3
2026-09-14T01:35:31,16,3
2026-09-14T01:50:31,16,3
2026-09-14T02:05:30,16,3
2026-09-14T02:20:31,16,3
2026-09-14T02:35:30,9,2
2026-09-14T02:50:31,8,1
2026-09-14T03:05:30,8,1
2026-09-14T03:20:31,8,1
2026-09-14T03:35:30,14,2
2026-09-14T03:50:31,8,1
2026-09-14T04:05:31,8,1
2026-09-14T04:20:31,8,1
2026-09-14T04:35:31,8,1
2026-09-14T04:50:31,8,1
2026-09-14T05:05:31,8,1
2026-09-14T05:20:33,8,1
2026-09-14T05:35:48,8,1
2026-09-14T05:50:34,8,1
2026-09-14T06:05:31,8,1
2026-09-14T06:20:32,8,1
2026-09-14T06:35:31,8,1
2026-09-14T06:50:31,8,1
2026-09-14T07:05:31,8,1
2026-09-14T07:20:31,9,2
2026-09-14T07:35:31,13,3
2026-09-14T07:50:31,13,3
2026-09-14T08:05:31,13,3
2026-09-14T08:20:31,12,2
2026-09-14T08:35:31,16,4
2026-09-14T08:50:32,11,2
2026-09-14T09:05:31,11,2
2026-09-14T09:20:31,12,2
2026-09-14T09:35:31,38,2
2026-09-14T09:50:31,41,4
2026-09-14T10:05:31,41,4
2026-09-14T10:20:31,41,4
2026-09-14T10:35:31,40,3
2026-09-14T10:50:31,41,4
2026-09-14T11:05:31,42,5
2026-09-14T11:20:31,7,3
2026-09-14T11:35:31,7,3
2026-09-14T11:50:31,26,5
2026-09-14T12:05:31,26,4
2026-09-14T12:20:31,26,4
2026-09-14T12:35:31,30,5
2026-09-14T12:50:32,31,6
2026-09-14T13:05:31,36,8
2026-09-14T13:20:31,35,7
2026-09-14T13:35:31,31,6
2026-09-14T13:50:31,31,6
2026-09-14T14:05:31,31,6
2026-09-14T14:20:31,24,6
2026-09-14T14:35:31,20,4
2026-09-14T14:50:31,21,5
2026-09-14T15:05:31,17,4
2026-09-14T15:20:31,4,4
2026-09-14T15:35:31,4,4
2026-09-14T15:50:31,3,3
2026-09-14T16:05:31,4,4
2026-09-14T16:20:31,3,3
2026-09-14T16:35:31,4,4
2026-09-14T16:50:31,6,6
2026-09-14T17:05:31,22,9
2026-09-14T17:20:32,22,8
2026-09-14T17:35:31,22,7
2026-09-14T17:50:31,22,7
2026-09-14T18:05:31,7,7
2026-09-14T18:20:31,6,6
2026-09-14T18:35:31,400,11
2026-09-14T18:50:31,401,12
2026-09-14T19:05:31,402,13
2026-09-14T19:20:31,401,12
2026-09-14T19:35:31,402,13
2026-09-14T19:50:31,9,7
2026-09-14T20:05:31,8,6
2026-09-14T20:20:31,9,7
2026-09-14T20:35:31,11,9
2026-09-14T20:50:31,14,10
2026-09-14T21:05:31,14,10
2026-09-14T21:20:31,14,9
2026-09-14T21:35:31,13,8
2026-09-14T21:50:31,14,9
2026-09-14T22:05:31,14,9
2026-09-14T22:20:31,13,8
2026-09-14T22:35:31,13,8
2026-09-14T22:50:31,11,7
2026-09-14T23:05:31,11,7
2026-09-14T23:20:31,11,7
2026-09-14T23:35:31,11,7
2026-09-14T23:50:31,8,6
2026-09-15T00:05:31,8,6
2026-09-15T00:20:30,6,5
2026-09-15T00:35:31,9,5
2026-09-15T00:50:31,7,4
2026-09-15T01:05:31,6,3
2026-09-15T01:20:31,5,2
2026-09-15T01:35:31,5,2
2026-09-15T01:50:30,5,2
2026-09-15T02:05:30,1,1
2026-09-15T02:20:30,1,1
2026-09-15T02:35:30,1,1
2026-09-15T02:50:31,1,1
2026-09-15T03:05:31,1,1
2026-09-15T03:20:31,1,1
2026-09-15T03:35:31,2,2
2026-09-15T03:50:31,2,2
2026-09-15T04:05:31,2,2
2026-09-15T04:20:33,3,3
2026-09-15T04:35:31,3,3
2026-09-15T04:50:31,2,2
2026-09-15T05:05:31,2,2
2026-09-15T05:20:35,2,2
2026-09-15T05:35:31,1,1
2026-09-15T05:50:31,1,1
2026-09-15T06:05:31,1,1
2026-09-15T06:20:31,2,2
2026-09-15T06:35:31,2,2
2026-09-15T06:50:31,2,2
2026-09-15T07:05:31,2,2
2026-09-15T07:20:31,6,3
2026-09-15T07:35:31,7,4
2026-09-15T07:50:31,8,5
2026-09-15T08:05:31,8,5
2026-09-15T08:20:32,5,5
2026-09-15T08:35:31,5,5
2026-09-15T08:50:32,4,4
2026-09-15T09:05:31,5,5
2026-09-15T09:20:31,2,2
2026-09-15T09:35:31,4,4
2026-09-15T09:50:31,26,7
2026-09-15T10:05:31,25,6
2026-09-15T10:20:31,26,7
2026-09-15T10:35:51,26,7
2026-09-15T10:50:32,24,5
2026-09-15T11:05:31,24,5
2026-09-15T11:20:31,85,7
2026-09-15T11:35:31,87,9
2026-09-15T11:50:38,127,8
2026-09-15T12:05:31,27,8
2026-09-15T12:20:31,40,9
2026-09-15T12:35:31,40,9
2026-09-15T12:50:31,40,9
2026-09-15T13:05:31,47,10
2026-09-15T13:20:31,34,11
2026-09-15T13:35:31,15,10
2026-09-15T13:50:31,17,12
2026-09-15T14:05:31,12,7
2026-09-15T14:20:31,17,10
2026-09-15T14:35:31,148,10
2026-09-15T14:50:31,1122,9
2026-09-15T15:05:31,1121,8
2026-09-15T15:20:31,1114,6
2026-09-15T15:35:31,1114,6
2026-09-15T15:50:31,8,4
2026-09-15T16:05:31,7,4
2026-09-15T16:20:31,9,6
2026-09-15T16:35:31,10,7
2026-09-15T16:50:31,13,10
2026-09-15T17:05:31,16,10
2026-09-15T17:20:31,16,10
2026-09-15T17:35:31,34,12
2026-09-15T17:50:33,48,13
2026-09-15T18:05:31,30,11
2026-09-15T18:20:31,30,11
2026-09-15T18:35:31,28,9
2026-09-15T18:50:31,28,9
2026-09-15T19:05:31,27,8
2026-09-15T19:20:31,26,7
2026-09-15T19:35:31,23,5
2026-09-15T19:50:31,23,5
2026-09-15T20:05:31,23,5
2026-09-15T20:20:31,23,5
2026-09-15T20:35:31,19,4
2026-09-15T20:50:31,19,4
2026-09-15T21:05:31,19,4
2026-09-15T21:20:31,15,2
2026-09-15T21:35:31,16,3
2026-09-15T21:50:31,16,3
2026-09-15T22:05:31,17,4
2026-09-15T22:20:31,43,5
2026-09-15T22:35:31,43,5
2026-09-15T22:50:31,42,4
2026-09-15T23:05:31,43,5
2026-09-15T23:20:31,43,5
2026-09-15T23:35:31,41,3
2026-09-15T23:50:31,27,2
2026-09-16T00:05:31,27,2
2026-09-16T00:20:30,26,1
2026-09-16T00:35:31,26,1
2026-09-16T00:50:31,26,1
2026-09-16T01:05:31,26,1
2026-09-16T01:20:31,26,1
2026-09-16T01:35:31,26,1
2026-09-16T01:50:31,27,2
2026-09-16T02:05:31,19,3
2026-09-16T02:20:31,7,3
2026-09-16T02:35:31,8,4
2026-09-16T02:50:30,8,4
2026-09-16T03:05:31,8,4
2026-09-16T03:20:30,8,4
2026-09-16T03:35:30,7,3
2026-09-16T03:50:30,7,3
2026-09-16T04:05:31,7,3
2026-09-16T04:20:31,12,4
2026-09-16T04:35:31,580,9
2026-09-16T04:50:31,7,3
2026-09-16T05:05:31,6,2
2026-09-16T05:20:31,6,2
2026-09-16T05:35:31,7,3
2026-09-16T05:50:31,8,4
2026-09-16T06:05:31,8,4
2026-09-16T06:20:31,9,5
2026-09-16T06:35:31,5,5
2026-09-16T06:50:31,5,5
2026-09-16T07:05:31,6,5
2026-09-16T07:20:31,6,4
2026-09-16T07:35:31,6,4
2026-09-16T07:50:31,6,4
2026-09-16T08:05:31,6,4
2026-09-16T08:20:31,5,3
2026-09-16T08:35:31,25,3
2026-09-16T08:50:31,50,8
2026-09-16T09:05:31,53,11
2026-09-16T09:20:31,53,10
2026-09-16T09:35:31,55,12
2026-09-16T09:50:31,54,12
2026-09-16T10:05:31,48,6
2026-09-16T10:20:34,47,5
2026-09-16T10:35:31,50,6
2026-09-16T10:50:31,49,5
2026-09-16T11:05:31,51,7
2026-09-16T11:20:31,50,6
2026-09-16T11:35:31,50,6
2026-09-16T11:50:31,50,6
2026-09-16T12:05:31,5,5
2026-09-16T12:20:31,6,6
2026-09-16T12:35:31,8,6
2026-09-16T12:50:31,8,6
2026-09-16T13:05:31,5,5
2026-09-16T13:20:31,6,6
2026-09-16T13:35:30,4,4
2026-09-16T13:50:30,4,4
2026-09-16T14:05:30,5,5
2026-09-16T14:20:30,2,2
2026-09-16T14:35:31,3,3
2026-09-16T14:50:31,3,3
2026-09-16T15:05:31,4,4
2026-09-16T15:20:31,199,6
2026-09-16T15:36:18,203,10
2026-09-16T15:50:31,4839,12
2026-09-16T16:05:31,3479,11
2026-09-16T16:20:31,201,8
2026-09-16T16:35:31,201,8
2026-09-16T16:50:31,33,7
2026-09-16T17:05:31,71,8
2026-09-16T17:20:31,223,11
2026-09-16T17:35:31,241,14
2026-09-16T17:50:31,918,26
2026-09-16T18:05:31,922,22
2026-09-16T18:20:31,1664,20
2026-09-16T18:35:31,1303,30
2026-09-16T18:50:31,1433,38
2026-09-16T19:05:31,1458,50
2026-09-16T19:20:31,1634,58
2026-09-16T19:35:31,1799,59
2026-09-16T19:50:31,1842,63
2026-09-16T20:05:31,1656,61
2026-09-16T20:20:31,1791,74
2026-09-16T20:35:31,1683,81
2026-09-16T20:50:31,1668,79
2026-09-16T21:05:31,1702,78
2026-09-16T21:20:31,1703,79
2026-09-16T21:35:31,1623,75
2026-09-16T21:50:31,1523,75
2026-09-16T22:05:31,1591,74
2026-09-16T22:20:31,1183,72
2026-09-16T22:35:31,1131,70
2026-09-16T22:50:31,1129,68
2026-09-16T23:05:31,997,62
2026-09-16T23:20:31,1032,63
2026-09-16T23:35:31,1028,60
2026-09-16T23:50:31,1022,55
2026-09-17T00:05:31,1019,52
2026-09-17T00:20:30,908,49
2026-09-17T00:35:31,763,45
2026-09-17T00:50:31,762,45
2026-09-17T01:05:31,718,41
2026-09-17T01:20:31,714,38
2026-09-17T01:35:31,714,37
2026-09-17T01:50:31,713,36
2026-09-17T02:05:31,713,36
2026-09-17T02:20:30,668,32
2026-09-17T02:35:32,665,29
2026-09-17T02:50:30,661,26
2026-09-17T03:05:30,646,26
2026-09-17T03:20:30,644,24
2026-09-17T03:35:30,642,21
2026-09-17T03:50:30,654,20
2026-09-17T04:05:30,547,19
2026-09-17T04:20:30,421,20
2026-09-17T04:35:30,299,20
2026-09-17T04:50:30,297,18
2026-09-17T05:05:31,286,18
2026-09-17T05:20:30,312,23
2026-09-17T05:35:30,338,24
2026-09-17T05:50:31,278,26
2026-09-17T06:05:31,253,25
2026-09-17T06:20:31,245,22
2026-09-17T06:35:31,251,24
2026-09-17T06:50:31,250,22
2026-09-17T07:05:31,251,23
2026-09-17T07:20:31,231,23
2026-09-17T07:35:31,72,23
2026-09-17T07:50:31,72,22
2026-09-17T08:05:31,75,23
2026-09-17T08:20:31,76,23
2026-09-17T08:35:31,76,23
2026-09-17T08:50:31,75,22
2026-09-17T09:05:31,83,27
2026-09-17T09:20:31,65,22
2026-09-17T09:35:31,157,27
2026-09-17T09:50:31,163,32
2026-09-17T10:05:31,155,29
2026-09-17T10:20:31,153,25
2026-09-17T10:35:31,72,21
2026-09-17T10:50:31,63,20
2026-09-17T11:05:31,91,20
2026-09-17T11:20:31,67,22
2026-09-17T11:35:31,94,20
2026-09-17T11:50:31,71,18
2026-09-17T12:05:31,56,14
2026-09-17T12:20:31,54,12
2026-09-17T12:35:31,32,10
2026-09-17T12:50:31,32,10
2026-09-17T13:05:31,17,7
2026-09-17T13:20:31,16,7
2026-09-17T13:35:31,19,10
2026-09-17T13:50:31,18,8
2026-09-17T14:05:31,86,17
2026-09-17T14:20:31,93,21
2026-09-17T14:35:31,399,34
2026-09-17T14:50:31,696,35
2026-09-17T15:05:31,685,31
2026-09-17T15:20:31,685,31
2026-09-17T15:35:32,689,34
2026-09-17T15:50:31,695,36
2026-09-17T16:05:31,690,34
2026-09-17T16:20:31,687,31
2026-09-17T16:35:31,773,34
2026-09-17T16:50:31,651,27
2026-09-17T17:05:31,650,26
2026-09-17T17:20:31,654,25
2026-09-17T17:35:31,681,28
2026-09-17T17:50:31,722,26
2026-09-17T18:05:31,716,24
2026-09-17T18:20:31,405,25
2026-09-17T18:35:31,478,23
2026-09-17T18:50:31,399,19
2026-09-17T19:05:31,369,17
2026-09-17T19:20:31,147,14
2026-09-17T19:35:31,49,15
2026-09-17T19:50:31,51,16
2026-09-17T20:05:31,51,15
2026-09-17T20:20:31,34,13
2026-09-17T20:50:31,27,6
2026-09-17T21:05:31,29,6
2026-09-17T21:20:31,28,5
2026-09-17T21:35:31,30,7
2026-09-17T21:50:31,42,8
2026-09-17T22:05:31,43,9
2026-09-17T22:20:31,42,8
2026-09-17T22:35:31,24,5
2026-09-17T22:50:31,23,4
2026-09-17T23:05:31,23,4
2026-09-17T23:20:31,23,4
2026-09-17T23:35:31,5,2
2026-09-17T23:50:31,5,2
2026-09-18T00:05:31,6,3
2026-09-18T00:20:30,4,2
2026-09-18T00:35:31,39,3
2026-09-18T00:50:31,40,4
2026-09-18T01:05:32,40,4
2026-09-18T01:20:31,37,3
2026-09-18T01:35:31,37,3
2026-09-18T01:50:31,103,4
2026-09-18T02:05:31,102,3
2026-09-18T02:20:31,497,8
2026-09-18T02:35:31,497,8
2026-09-18T02:50:30,120,15
2026-09-18T03:05:30,144,14
2026-09-18T03:20:30,144,14
2026-09-18T03:35:30,145,15
2026-09-18T03:50:30,153,17
2026-09-18T04:05:30,155,18
2026-09-18T04:20:31,89,17
2026-09-18T04:35:31,93,19
2026-09-18T04:50:31,285,23
2026-09-18T05:05:31,283,21
2026-09-18T05:20:31,285,23
2026-09-18T05:35:31,288,24
2026-09-18T05:50:31,262,24
2026-09-18T06:05:31,263,25
2026-09-18T06:20:31,264,26
2026-09-18T06:35:31,262,26
2026-09-18T06:50:31,255,25
2026-09-18T07:05:31,255,25
2026-09-18T07:20:31,227,24
2026-09-18T07:35:31,216,22
2026-09-18T07:50:31,215,21
2026-09-18T08:05:31,216,22
2026-09-18T08:20:31,218,23
2026-09-18T08:35:31,215,21
2026-09-18T08:50:31,215,21
2026-09-18T09:05:31,215,21
2026-09-18T09:20:31,215,21
2026-09-18T09:35:31,288,26
2026-09-18T09:50:31,277,22
2026-09-18T10:05:32,279,24
2026-09-18T10:20:31,274,19
2026-09-18T10:35:31,272,17
2026-09-18T10:50:31,271,16
2026-09-18T11:05:31,305,21
2026-09-18T11:20:31,305,21
2026-09-18T11:35:31,304,19
2026-09-18T11:50:31,305,20
2026-09-18T12:05:31,304,19
2026-09-18T12:20:31,302,18
2026-09-18T12:35:31,301,17
2026-09-18T12:50:31,230,15
2026-09-18T13:05:31,41,11
2026-09-18T13:20:31,41,11
2026-09-18T13:35:31,40,10
2026-09-18T13:50:31,11,10
2026-09-18T14:05:31,9,7
2026-09-18T14:20:31,3,3
2026-09-18T14:35:31,3,3
2026-09-18T14:50:31,3,3
2026-09-18T15:05:31,1,1
2026-09-18T15:20:31,1,1
2026-09-18T15:35:31,3,3
2026-09-18T15:50:31,2,2
2026-09-18T16:05:31,2,2
2026-09-18T16:20:31,3,3
2026-09-18T16:35:31,3,3
2026-09-18T16:50:31,5,5
2026-09-18T17:05:31,5,5
2026-09-18T17:20:31,5,5
2026-09-18T17:35:31,3,3
2026-09-18T17:50:31,3,3
2026-09-18T18:05:31,6,4
2026-09-18T18:20:31,6,4
2026-09-18T18:35:31,6,4
2026-09-18T18:50:31,5,3
2026-09-18T19:05:31,4,2
2026-09-18T19:20:31,4,2
2026-09-18T19:35:31,5,3
2026-09-18T19:50:31,3,3
2026-09-18T20:05:31,2,2
2026-09-18T20:20:34,2,2
2026-09-18T20:35:35,2,2
2026-09-18T21:05:34,2,2
2026-09-18T21:20:31,2,2
2026-09-18T21:35:33,2,2
2026-09-18T21:50:33,2,2
2026-09-18T22:05:33,2,2
2026-09-18T22:20:32,3,3
2026-09-18T22:35:33,2,2
2026-09-18T22:50:34,1,1
2026-09-18T23:05:32,1,1
2026-09-18T23:20:34,1,1
2026-09-18T23:35:32,1,1
2026-09-18T23:50:31,1,1
2026-09-19T00:05:32,0,0
2026-09-19T00:20:31,0,0
2026-09-19T00:35:31,0,0
2026-09-19T00:50:33,0,0
2026-09-19T01:05:31,1,1
2026-09-19T01:36:00,1,1
2026-09-19T01:50:33,1,1
2026-09-19T02:05:32,1,1
2026-09-19T02:20:32,1,1
2026-09-19T02:35:33,1,1
2026-09-19T02:50:36,6,3
2026-09-19T03:05:32,6,3
2026-09-19T03:20:45,6,3
2026-09-19T03:35:35,0,0
2026-09-19T03:50:33,0,0
2026-09-19T04:05:32,0,0
2026-09-19T04:20:32,0,0
2026-09-19T04:35:36,0,0
2026-09-19T04:50:39,0,0
2026-09-19T05:05:33,0,0
2026-09-19T05:20:33,0,0
2026-09-19T05:35:31,0,0
2026-09-19T05:50:32,0,0
2026-09-19T06:05:35,0,0
2026-09-19T06:20:38,0,0
2026-09-19T06:35:33,0,0
2026-09-19T06:50:31,0,0
2026-09-19T07:05:31,0,0
2026-09-19T07:20:33,1,1
2026-09-19T07:35:31,1,1
2026-09-19T07:50:31,1,1
2026-09-19T08:05:31,8,3
2026-09-19T08:20:31,50,3
2026-09-19T08:35:31,54,4
2026-09-19T08:50:31,10,4
2026-09-19T09:05:31,10,4
2026-09-19T09:20:31,10,4
2026-09-19T09:35:31,2,2
2026-09-19T09:50:31,1,1
2026-09-19T10:05:31,2,2
2026-09-19T10:20:31,2,2
2026-09-19T10:35:31,5,3
2026-09-19T10:50:31,6,4
2026-09-19T11:05:31,6,4
2026-09-19T11:20:31,3,3
2026-09-19T11:35:31,4,4
2026-09-19T11:50:31,66,4
2026-09-19T12:05:31,66,4
2026-09-19T12:20:31,66,4
2026-09-19T12:35:31,65,3
2026-09-19T12:50:31,4,4
2026-09-19T13:05:31,2,2
2026-09-19T13:20:31,1,1
2026-09-19T13:35:31,1,1
2026-09-19T13:50:31,1,1
2026-09-19T14:05:31,1,1
2026-09-19T14:20:31,1,1
2026-09-19T14:35:31,1,1
2026-09-19T14:50:31,1,1
2026-09-19T15:05:31,1,1
2026-09-19T15:20:31,9,4
2026-09-19T15:35:31,20,6
2026-09-19T15:50:31,20,6
2026-09-19T16:05:31,20,6
2026-09-19T16:20:31,22,8
2026-09-19T16:35:31,99,10
2026-09-19T16:50:31,99,10
2026-09-19T17:05:31,86,9
2026-09-19T17:20:31,83,8
2026-09-19T17:35:31,83,7
2026-09-19T17:50:31,66,5
2026-09-19T18:05:31,68,7
2026-09-19T18:20:31,66,5
2026-09-19T18:35:32,65,5
2026-09-19T18:50:31,5,4
2026-09-19T19:05:31,4,3
2026-09-19T19:20:31,4,3
2026-09-19T19:35:31,3,2
2026-09-19T19:50:31,3,2
2026-09-19T20:05:31,3,2
2026-09-19T20:20:31,3,2
2026-09-19T20:35:31,57,5
2026-09-19T20:50:31,60,7
2026-09-19T21:05:31,61,6
2026-09-19T21:20:31,59,4
2026-09-19T21:35:31,57,3
2026-09-19T21:50:31,2,2
2026-09-19T22:05:31,2,2
2026-09-19T22:20:31,3,2
2026-09-19T22:35:31,3,2
2026-09-19T22:50:31,2,1
2026-09-19T23:05:32,2,1
2026-09-19T23:20:31,8,2
2026-09-19T23:35:31,38,2
2026-09-19T23:50:31,39,3
2026-09-20T00:05:31,39,3
2026-09-20T00:20:31,40,4
2026-09-20T00:35:31,44,6
2026-09-20T00:50:31,44,6
2026-09-20T01:05:31,44,6
2026-09-20T01:20:31,44,6
2026-09-20T01:35:32,49,9
2026-09-20T01:50:32,50,10
2026-09-20T02:05:32,51,10
2026-09-20T02:20:31,51,10
2026-09-20T02:35:31,52,10
2026-09-20T02:50:31,52,10
2026-09-20T03:05:31,53,11
2026-09-20T03:20:31,53,11
2026-09-20T03:35:31,52,10
2026-09-20T03:50:31,47,8
2026-09-20T04:05:31,48,9
2026-09-20T04:20:31,48,9
2026-09-20T04:35:31,52,10
2026-09-20T04:50:31,62,10
2026-09-20T05:05:31,63,11
2026-09-20T05:20:31,27,10
2026-09-20T05:35:31,29,11
2026-09-20T05:50:31,30,11
2026-09-20T06:05:31,30,11
2026-09-20T06:20:31,30,11
2026-09-20T06:36:06,30,11
2026-09-20T06:50:31,30,11
2026-09-20T07:05:31,30,10
2026-09-20T07:20:31,31,10
2026-09-20T07:35:31,225,14
2026-09-20T07:50:31,225,14
2026-09-20T08:05:31,225,13
2026-09-20T08:20:31,228,15
2026-09-20T08:35:31,227,14
2026-09-20T08:50:31,225,13
2026-09-20T09:05:31,239,13
2026-09-20T09:20:31,235,13
2026-09-20T09:35:31,250,16
2026-09-20T09:50:31,251,16
2026-09-20T10:05:31,252,17
2026-09-20T10:20:32,250,15
2026-09-20T10:35:31,237,15
2026-09-20T10:50:31,238,14
2026-09-20T11:05:31,239,13
2026-09-20T11:20:31,235,13
2026-09-20T11:35:31,213,9
2026-09-20T11:50:31,214,9
2026-09-20T12:05:31,214,9
2026-09-20T12:20:31,30,8
2026-09-20T12:35:31,30,8
2026-09-20T12:50:31,23,6
2026-09-20T13:05:31,24,5
2026-09-20T13:20:31,24,5
2026-09-20T13:35:31,24,5
2026-09-20T13:50:31,12,6
2026-09-20T14:05:31,11,5
2026-09-20T14:20:31,11,5
2026-09-20T14:35:31,10,4
2026-09-20T14:50:31,10,4
2026-09-20T15:05:31,15,5
2026-09-20T15:20:31,15,5
2026-09-20T15:35:31,14,4
2026-09-20T15:50:31,9,3
2026-09-20T16:05:31,8,2
2026-09-20T16:20:31,8,2
2026-09-20T16:35:31,8,2
2026-09-20T16:50:31,8,2
2026-09-20T17:05:31,7,1
2026-09-20T17:20:31,1,1
2026-09-20T17:35:31,1,1
2026-09-20T17:50:31,1,1
2026-09-20T18:05:31,1,1
2026-09-20T18:20:32,1,1
2026-09-20T18:35:31,1,1
2026-09-20T18:50:31,1,1
2026-09-20T19:05:31,6,5
2026-09-20T19:20:31,14,2
2026-09-20T19:35:31,32,6
2026-09-20T19:50:31,135,11
2026-09-20T20:05:31,133,12
2026-09-20T20:20:31,170,17
2026-09-20T20:35:31,7424,102
2026-09-20T20:50:31,16749,162
2026-09-20T21:05:31,15697,225
2026-09-20T21:20:31,17216,262
2026-09-20T21:35:31,14200,279
2026-09-20T21:50:31,13370,286
2026-09-20T22:05:31,13564,292
2026-09-20T22:20:31,16266,324
2026-09-20T22:35:31,16322,340
2026-09-20T22:50:31,16492,345
2026-09-20T23:05:31,16019,339
2026-09-20T23:20:31,13869,326
2026-09-20T23:35:31,17379,324
2026-09-20T23:50:31,16314,324
2026-09-21T00:05:32,14914,347
2026-09-21T00:20:30,13203,354
2026-09-21T00:35:31,12317,352
2026-09-21T00:50:31,10649,380
2026-09-21T01:05:31,10545,375
2026-09-21T01:20:31,9349,361
2026-09-21T01:35:32,11420,347
2026-09-21T01:50:31,8800,375
2026-09-21T02:05:31,8172,361
2026-09-21T02:20:31,7467,354
2026-09-21T02:35:31,8151,358
2026-09-21T02:50:31,8149,351
2026-09-21T03:05:31,8375,348
2026-09-21T03:20:31,8329,349
2026-09-21T03:35:31,8715,348
2026-09-21T03:50:30,8712,346
2026-09-21T04:05:30,7532,345
2026-09-21T04:20:30,7481,344
2026-09-21T04:35:31,7465,344
2026-09-21T04:50:31,6631,346
2026-09-21T05:05:31,6273,343
2026-09-21T05:20:31,6049,339
2026-09-21T05:35:31,5821,328
2026-09-21T05:50:31,5713,329
2026-09-21T06:05:33,4379,336
2026-09-21T06:20:32,4368,332
2026-09-21T06:35:32,4466,327
2026-09-21T06:50:31,4508,317
2026-09-21T07:05:31,4325,308
2026-09-21T07:20:31,4187,285
2026-09-21T07:35:31,4408,289
2026-09-21T07:50:31,4418,292
2026-09-21T08:05:31,5402,286
2026-09-21T08:20:31,5399,286
2026-09-21T08:35:31,4587,294
2026-09-21T08:50:31,4427,286
2026-09-21T09:05:31,4455,285
2026-09-21T09:20:31,4443,273
2026-09-21T09:35:31,4313,269
2026-09-21T09:50:31,4318,267
2026-09-21T10:05:30,4328,266
2026-09-21T10:20:30,4243,253
2026-09-21T10:35:30,4153,243
2026-09-21T10:50:30,4007,231
2026-09-21T11:05:30,3852,223
2026-09-21T11:20:30,3832,219
2026-09-21T11:50:31,3880,208
2026-09-21T12:05:31,3819,201
2026-09-21T12:20:32,3638,195
2026-09-21T12:35:31,3394,185
2026-09-21T12:50:31,3240,184
2026-09-21T13:05:31,3236,183
2026-09-21T13:20:31,3132,176
2026-09-21T13:35:31,3145,177
2026-09-21T13:50:31,3129,175
2026-09-21T14:05:31,2715,163
2026-09-21T14:20:31,2681,161
2026-09-21T14:35:31,2675,159
2026-09-21T14:50:32,2505,152
2026-09-21T15:05:31,2489,146
2026-09-21T15:20:31,2480,145
2026-09-21T15:35:31,2416,142
2026-09-21T15:50:31,2070,146
2026-09-21T16:05:31,2043,134
2026-09-21T16:20:31,1861,130
2026-09-21T16:35:31,1610,120
2026-09-21T16:50:31,1570,117
2026-09-21T17:05:31,1527,115
2026-09-21T17:20:31,1988,108
2026-09-21T17:35:31,1963,109
2026-09-21T17:50:31,1939,108
2026-09-21T18:05:31,1852,104
2026-09-21T18:20:31,1848,101
2026-09-21T18:35:31,1620,96
2026-09-21T18:50:33,1522,92
2026-09-21T19:05:31,977,82
2026-09-21T19:20:31,950,78
2026-09-21T19:35:31,942,73
2026-09-21T19:50:31,901,71
2026-09-21T20:05:32,853,64
2026-09-21T20:20:31,846,59
2026-09-21T20:35:31,773,53
2026-09-21T20:50:31,568,46
2026-09-21T21:05:31,524,40
2026-09-21T21:20:31,512,36
2026-09-21T21:35:31,675,36
2026-09-21T21:50:31,528,31
2026-09-21T22:05:31,532,32
2026-09-21T22:20:31,533,31
2026-09-21T22:35:31,548,30
2026-09-21T22:50:31,534,29
2026-09-21T23:05:31,516,27
2026-09-21T23:20:31,440,26
2026-09-21T23:35:31,421,24
2026-09-21T23:50:31,337,23
2026-09-22T00:05:31,294,20
2026-09-22T00:20:31,295,21
2026-09-22T00:35:31,256,18
2026-09-22T00:50:31,253,16
2026-09-22T01:05:31,229,14
2026-09-22T01:20:31,229,14
2026-09-22T01:35:31,227,12
2026-09-22T01:50:31,225,11
2026-09-22T02:05:31,225,11
2026-09-22T02:20:31,222,10
2026-09-22T02:35:31,222,10
2026-09-22T03:05:31,226,9
2026-09-22T03:20:31,156,9
2026-09-22T03:35:31,156,9
2026-09-22T03:50:31,153,8
2026-09-22T04:05:31,153,8
2026-09-22T04:20:30,184,8
2026-09-22T04:35:30,149,8
2026-09-22T04:50:30,149,8
2026-09-22T05:05:30,131,6
2026-09-22T05:20:31,96,5
2026-09-22T05:35:31,97,5
2026-09-22T05:50:31,5,3
2026-09-22T06:05:31,6,4
2026-09-22T06:20:31,13,4
2026-09-22T06:35:31,15,5
2026-09-22T06:50:31,17,6
2026-09-22T07:05:31,21,7
2026-09-22T07:20:31,21,7
2026-09-22T07:35:31,10,5
2026-09-22T07:50:31,10,5
2026-09-22T08:05:31,10,5
2026-09-22T08:20:31,25,6
2026-09-22T08:35:31,30,7
2026-09-22T08:50:31,35,6
2026-09-22T09:05:31,33,8
2026-09-22T09:20:31,27,8
2026-09-22T09:35:31,20,8
2026-09-22T09:50:31,65,10
2026-09-22T10:05:30,65,10
2026-09-22T10:20:30,46,9
2026-09-22T10:35:30,53,8
2026-09-22T10:50:31,56,11
2026-09-22T11:05:31,12,7
2026-09-22T11:20:31,15,10
2026-09-22T11:35:32,14,9
2026-09-22T11:50:31,181,10
2026-09-22T12:05:31,179,9
2026-09-22T12:20:31,208,11
2026-09-22T12:35:31,209,12
2026-09-22T12:50:31,54,10
2026-09-22T13:05:31,53,9
2026-09-22T13:20:31,95,11
2026-09-22T13:35:31,98,12
2026-09-22T13:50:31,74,12
2026-09-22T14:05:31,59,12
2026-09-22T14:20:31,58,12
2026-09-22T14:35:31,62,13
2026-09-22T14:50:31,62,11
2026-09-22T15:05:31,64,11
2026-09-22T15:20:31,53,14
2026-09-22T15:35:31,29,12
2026-09-22T15:50:31,18,9
2026-09-22T16:05:31,19,9
2026-09-22T16:20:31,20,10
2026-09-22T16:36:27,25,13
2026-09-22T16:50:31,36,14
2026-09-22T17:05:31,34,13
2026-09-22T17:20:31,21,10
2026-09-22T17:35:31,26,15
2026-09-22T17:50:31,24,14
2026-09-22T18:05:31,39,14
2026-09-22T18:20:31,38,13
2026-09-22T18:35:31,38,13
2026-09-22T18:50:31,37,12
2026-09-22T19:05:31,36,11
2026-09-22T19:20:31,35,10
2026-09-22T19:35:31,34,9
2026-09-22T19:50:32,34,9
2026-09-22T20:05:31,36,11
2026-09-22T20:20:31,37,12
2026-09-22T20:35:31,32,11
2026-09-22T20:50:31,32,11
2026-09-22T21:05:31,25,9
2026-09-22T21:20:31,24,8
2026-09-22T21:35:31,22,6
2026-09-22T21:50:31,22,6
2026-09-22T22:05:31,22,6
2026-09-22T22:20:31,24,6
2026-09-22T22:35:31,24,6
2026-09-22T22:50:31,24,6
2026-09-22T23:05:31,24,6
2026-09-22T23:20:31,24,6
2026-09-22T23:35:31,24,6
2026-09-22T23:50:31,7,5
2026-09-23T00:05:31,7,5
2026-09-23T00:20:31,6,4
2026-09-23T00:35:31,6,4
2026-09-23T00:50:31,6,4
2026-09-23T01:05:31,6,4
2026-09-23T01:20:31,5,3
2026-09-23T01:35:31,5,3
2026-09-23T01:50:31,5,3
2026-09-23T02:05:30,5,3
2026-09-23T02:20:31,5,3
2026-09-23T02:35:31,4,2
2026-09-23T02:50:31,4,2
2026-09-23T03:05:31,4,2
2026-09-23T03:20:31,4,2
2026-09-23T03:35:32,4,2
2026-09-23T03:50:31,5,3
2026-09-23T04:05:31,5,3
2026-09-23T04:20:31,4,2
2026-09-23T04:35:31,3,1
2026-09-23T04:50:31,4,2
2026-09-23T05:05:31,3,1
2026-09-23T05:20:31,3,1
2026-09-23T05:35:31,3,1
2026-09-23T05:50:31,3,1
2026-09-23T06:05:31,3,1
2026-09-23T06:20:31,4,2
2026-09-23T06:35:31,1,1
2026-09-23T06:50:31,2,2
2026-09-23T07:05:31,2,2
2026-09-23T07:20:31,2,2
2026-09-23T07:35:31,2,2
2026-09-23T07:50:31,2,2
2026-09-23T08:05:31,2,2
2026-09-23T08:20:31,1,1
2026-09-23T08:35:31,11,4
2026-09-23T08:50:31,61,3
2026-09-23T09:05:31,62,4
2026-09-23T09:20:31,61,3
2026-09-23T09:35:31,62,4
2026-09-23T09:50:31,92,10
2026-09-23T10:05:31,129,8
2026-09-23T10:20:30,132,10
2026-09-23T10:35:30,140,12
2026-09-23T10:50:30,164,13
2026-09-23T11:05:30,158,13
2026-09-23T11:20:30,126,12
2026-09-23T11:35:30,55,9
2026-09-23T11:50:30,52,8
2026-09-23T12:05:31,52,8
2026-09-23T12:20:31,52,8
2026-09-23T12:35:31,48,7
2026-09-23T12:50:31,49,8
2026-09-23T13:05:31,49,8
2026-09-23T13:20:30,48,7
2026-09-23T13:35:30,47,6
2026-09-23T13:50:31,47,6
2026-09-23T14:05:31,50,9
2026-09-23T14:20:31,50,9
2026-09-23T14:35:31,246,9
2026-09-23T14:50:31,53,10
2026-09-23T15:05:31,11,5
2026-09-23T15:20:31,12,6
2026-09-23T15:35:31,8,8
2026-09-23T15:50:31,6,6
2026-09-23T16:05:31,7,7
2026-09-23T16:20:31,7,7
2026-09-23T16:35:33,15,12
2026-09-23T16:50:31,88,12
2026-09-23T17:05:31,88,12
2026-09-23T17:20:31,90,14
2026-09-23T17:35:31,88,12
2026-09-23T17:50:31,87,11
2026-09-23T18:05:31,89,11
2026-09-23T18:20:31,41,13
2026-09-23T18:35:31,41,13
2026-09-23T18:50:31,45,14
2026-09-23T19:05:31,45,14
2026-09-23T19:20:31,25,12
2026-09-23T19:35:31,18,11
2026-09-23T19:50:31,14,7
2026-09-23T20:05:31,13,6
2026-09-23T20:20:31,9,5
2026-09-23T20:35:31,9,5
2026-09-23T20:50:31,9,5
2026-09-23T21:05:31,7,4
2026-09-23T21:20:31,7,4
2026-09-23T21:36:22,8,5
2026-09-23T21:50:31,8,5
2026-09-23T22:05:31,8,5
2026-09-23T22:20:31,8,5
2026-09-23T22:35:31,8,5
2026-09-23T22:50:31,8,5
2026-09-23T23:05:31,8,5
2026-09-23T23:20:31,8,5
2026-09-23T23:35:31,8,5
2026-09-23T23:50:31,4,4
2026-09-24T00:05:31,4,4
2026-09-24T00:20:31,4,4
2026-09-24T00:35:31,4,4
2026-09-24T00:50:31,4,4
2026-09-24T01:05:31,4,4
2026-09-24T01:20:31,6,5
2026-09-24T01:35:31,9,6
2026-09-24T01:50:31,10,7
2026-09-24T02:05:32,37,8
2026-09-24T02:20:31,37,8
2026-09-24T02:35:31,34,6
2026-09-24T02:50:32,35,7
2026-09-24T03:05:30,36,7
2026-09-24T03:20:31,36,7
2026-09-24T03:35:31,36,7
2026-09-24T03:50:31,36,7
2026-09-24T04:05:31,37,8
2026-09-24T04:20:31,37,8
2026-09-24T04:35:31,34,7
2026-09-24T04:50:31,16,7
2026-09-24T05:05:31,11,4
2026-09-24T05:20:31,12,5
2026-09-24T05:35:31,11,4
2026-09-24T05:50:31,11,4
2026-09-24T06:05:31,10,3
2026-09-24T06:20:31,10,3
2026-09-24T06:35:31,11,4
2026-09-24T06:50:31,3,3
2026-09-24T07:05:31,2,2
2026-09-24T07:20:31,3,3
2026-09-24T07:35:31,1,1
2026-09-24T07:50:31,1,1
2026-09-24T08:05:31,3,3
2026-09-24T08:20:31,6,4
2026-09-24T08:35:31,8,6
2026-09-24T08:50:31,8,6
2026-09-24T09:05:31,13,10
2026-09-24T09:20:31,8,5
2026-09-24T09:35:31,8,5
2026-09-24T09:50:31,12,9
2026-09-24T10:05:30,13,10
2026-09-24T10:20:30,17,12
2026-09-24T10:35:30,16,12
2026-09-24T10:50:31,17,13
2026-09-24T11:05:31,7,5
2026-09-24T11:20:31,7,5
2026-09-24T11:35:31,12,7
2026-09-24T11:50:31,11,6
2026-09-24T12:05:31,10,7
2026-09-24T12:20:31,51,8
2026-09-24T12:35:31,6,6
2026-09-24T12:50:31,7,6
2026-09-24T13:05:31,9,8
2026-09-24T13:20:30,7,7
2026-09-24T13:35:31,8,7
2026-09-24T13:50:31,20,8
2026-09-24T14:05:31,21,8
2026-09-24T14:20:31,19,7
2026-09-24T14:35:31,18,6
2026-09-24T14:50:31,77,7
2026-09-24T15:05:31,77,7
2026-09-24T15:20:31,75,5
2026-09-24T15:35:31,101,7
2026-09-24T15:50:31,101,7
2026-09-24T16:05:31,102,8
2026-09-24T16:20:31,44,8
2026-09-24T16:35:31,42,7
2026-09-24T16:50:31,6,6
2026-09-24T17:05:31,7,7
2026-09-24T17:20:31,8,8
2026-09-24T17:35:31,9,9
2026-09-24T17:50:31,7,7
2026-09-24T18:05:31,8,8
2026-09-24T18:20:31,7,7
2026-09-24T18:35:31,8,7
2026-09-24T18:50:31,8,7
2026-09-24T19:05:31,8,7
2026-09-24T19:20:31,8,7
2026-09-24T19:35:31,8,7
2026-09-24T19:50:33,9,8
2026-09-24T20:05:31,7,6
2026-09-24T20:20:31,7,6
2026-09-24T20:35:31,9,8
2026-09-24T20:50:31,9,8
2026-09-24T21:05:31,8,7
2026-09-24T21:20:31,8,7
2026-09-24T21:35:32,8,7
2026-09-24T21:50:31,3,2
2026-09-24T22:05:31,3,2
2026-09-24T22:20:31,2,1
2026-09-24T22:35:31,2,1
2026-09-24T22:50:32,2,1
2026-09-24T23:05:31,2,1
2026-09-24T23:20:31,2,1
2026-09-24T23:35:31,2,1
2026-09-24T23:50:31,2,1
2026-09-25T00:05:31,2,1
2026-09-25T00:20:31,2,1
2026-09-25T00:35:31,0,0
2026-09-25T00:50:32,0,0
2026-09-25T01:05:32,0,0
2026-09-25T01:20:31,1,1
2026-09-25T01:35:32,1,1
2026-09-25T01:50:31,1,1
2026-09-25T02:05:31,1,1
2026-09-25T02:20:30,1,1
2026-09-25T02:36:27,1,1
2026-09-25T02:50:30,1,1
2026-09-25T03:05:30,1,1
2026-09-25T03:20:31,14,2
2026-09-25T03:35:31,13,1
2026-09-25T03:50:31,13,1
2026-09-25T04:05:31,13,1
2026-09-25T04:20:31,0,0
2026-09-25T04:35:31,0,0
2026-09-25T04:50:31,0,0
2026-09-25T05:05:31,0,0
2026-09-25T05:20:31,0,0
2026-09-25T05:35:32,13,1
2026-09-25T05:50:32,13,1
2026-09-25T06:05:31,13,1
2026-09-25T06:20:31,13,1
2026-09-25T06:35:31,13,1
2026-09-25T06:50:31,14,2
2026-09-25T07:05:31,1,1
2026-09-25T07:20:31,0,0
2026-09-25T07:35:31,2,2
2026-09-25T07:50:31,2,2
2026-09-25T08:05:31,1,1
2026-09-25T08:20:31,1,1
2026-09-25T08:35:34,1,1
2026-09-25T08:50:31,4,2
2026-09-25T09:05:31,4,2
2026-09-25T09:20:31,7,5
2026-09-25T09:35:31,6,4
2026-09-25T09:50:31,215,9
2026-09-25T10:05:31,210,5
2026-09-25T10:20:31,214,6
2026-09-25T10:35:31,220,6
2026-09-25T10:50:30,260,8
2026-09-25T11:05:30,218,8
2026-09-25T11:20:30,215,5
2026-09-25T11:35:30,212,5
2026-09-25T11:50:30,211,4
2026-09-25T12:05:30,5,5
2026-09-25T12:20:31,8,7
2026-09-25T12:35:31,24,8
2026-09-25T12:50:31,25,9
2026-09-25T13:05:31,25,9
2026-09-25T13:20:30,78,9
2026-09-25T13:35:31,95,13
2026-09-25T13:50:31,111,8
2026-09-25T14:05:31,52,8
2026-09-25T14:20:31,52,8
2026-09-25T14:35:31,10,6
2026-09-25T14:50:31,10,5
2026-09-25T15:05:31,10,5
2026-09-25T15:20:31,2,2
2026-09-25T15:35:31,2,2
2026-09-25T15:50:31,0,0
2026-09-25T16:05:31,2,2
2026-09-25T16:20:31,1,1
2026-09-25T16:35:31,1,1
2026-09-25T16:50:31,3,3
2026-09-25T17:05:31,2,2
2026-09-25T17:20:31,1,1
2026-09-25T17:35:32,1,1
2026-09-25T17:50:31,1,1
2026-09-25T18:05:31,1,1
2026-09-25T18:20:31,1,1
2026-09-25T18:35:31,1,1
2026-09-25T18:50:31,0,0
2026-09-25T19:05:31,0,0
2026-09-25T19:20:31,1,1
2026-09-25T19:35:31,1,1
2026-09-25T19:50:31,2,1
2026-09-25T20:05:33,0,0
2026-09-25T20:20:32,0,0
2026-09-25T20:35:33,0,0
2026-09-25T20:50:36,0,0
2026-09-25T21:05:32,0,0
2026-09-25T21:20:35,0,0
2026-09-25T21:35:34,0,0
2026-09-25T21:50:35,0,0
2026-09-25T22:05:38,1,1
2026-09-25T22:20:33,1,1
2026-09-25T22:35:32,1,1
2026-09-25T22:50:33,1,1
2026-09-25T23:05:33,1,1
2026-09-25T23:20:33,1,1
2026-09-25T23:35:36,1,1
2026-09-25T23:50:33,1,1
2026-09-26T00:05:37,1,1
2026-09-26T00:20:32,1,1
2026-09-26T00:35:32,1,1
2026-09-26T00:50:33,26,13
2026-09-26T01:05:33,29,13
2026-09-26T01:35:33,30,14
2026-09-26T01:50:34,1,1
2026-09-26T02:05:33,1,1
2026-09-26T02:20:34,1,1
2026-09-26T02:35:34,0,0
2026-09-26T02:50:33,0,0
2026-09-26T03:05:33,0,0
2026-09-26T03:20:35,0,0
2026-09-26T03:35:34,0,0
2026-09-26T03:50:34,0,0
2026-09-26T04:05:32,0,0
2026-09-26T04:20:32,0,0
2026-09-26T04:35:33,0,0
2026-09-26T04:50:34,0,0
2026-09-26T05:05:33,0,0
2026-09-26T05:20:42,0,0
2026-09-26T05:35:35,0,0
2026-09-26T05:50:33,0,0
2026-09-26T06:05:33,0,0
2026-09-26T06:20:32,0,0
2026-09-26T06:35:33,0,0
2026-09-26T06:50:31,0,0
2026-09-26T07:05:32,0,0
2026-09-26T07:20:32,0,0
2026-09-26T07:36:24,0,0
2026-09-26T07:50:32,0,0
2026-09-26T08:05:32,0,0
2026-09-26T08:20:32,0,0
2026-09-26T08:35:32,0,0
2026-09-26T08:50:32,0,0
2026-09-26T09:05:32,0,0
2026-09-26T09:20:32,0,0
2026-09-26T09:35:32,1,1
2026-09-26T09:50:32,0,0
2026-09-26T10:05:31,0,0
2026-09-26T10:20:31,1,1
2026-09-26T10:35:31,6,3
2026-09-26T10:50:32,5,2
2026-09-26T11:05:32,5,2
2026-09-26T11:20:32,5,2
2026-09-26T11:35:32,3,3
2026-09-26T11:50:32,2,2
2026-09-26T12:05:32,2,2
2026-09-26T12:20:32,2,2
2026-09-26T12:35:32,1,1
2026-09-26T12:50:32,1,1
2026-09-26T13:05:32,1,1
2026-09-26T13:20:32,1,1
2026-09-26T13:35:32,1,1
2026-09-26T13:50:32,58,1
2026-09-26T14:05:31,58,1
2026-09-26T14:20:31,58,1
2026-09-26T14:35:31,58,1
2026-09-26T14:50:31,58,1
2026-09-26T15:05:31,0,0
2026-09-26T15:20:31,0,0
2026-09-26T15:35:31,0,0
2026-09-26T15:50:31,1,1
2026-09-26T16:05:32,1,1
2026-09-26T16:20:31,1,1
2026-09-26T16:35:31,2,2
2026-09-26T16:50:31,2,2
2026-09-26T17:05:31,2,2
2026-09-26T17:20:32,1,1
2026-09-26T17:35:32,0,0
2026-09-26T17:50:32,0,0
2026-09-26T18:05:32,0,0
2026-09-26T18:20:32,8,1
2026-09-26T18:35:32,9,2
2026-09-26T18:50:32,8,1
2026-09-26T19:05:32,8,1
2026-09-26T19:20:32,8,1
2026-09-26T19:35:32,8,1
2026-09-26T19:50:32,8,1
2026-09-26T20:05:32,8,1
2026-09-26T20:20:32,8,1
2026-09-26T20:35:32,8,1
2026-09-26T20:50:32,8,1
2026-09-26T21:05:32,8,1
2026-09-26T21:20:32,8,1
2026-09-26T21:35:32,8,1
2026-09-26T21:50:32,8,1
2026-09-26T22:05:32,0,0
2026-09-26T22:20:32,0,0
2026-09-26T22:35:32,1,1
2026-09-26T22:50:32,1,1
2026-09-26T23:05:32,0,0
2026-09-26T23:20:32,1,1
2026-09-26T23:35:32,1,1
2026-09-26T23:50:32,1,1
2026-09-27T00:05:32,1,1
2026-09-27T00:20:32,1,1
2026-09-27T00:35:31,1,1
2026-09-27T00:50:31,1,1
2026-09-27T01:05:31,1,1
2026-09-27T01:20:31,0,0
2026-09-27T01:35:32,0,0
2026-09-27T01:50:31,0,0
2026-09-27T02:05:32,0,0
2026-09-27T02:20:30,0,0
2026-09-27T02:35:31,0,0
2026-09-27T02:50:31,0,0
2026-09-27T03:05:32,0,0
2026-09-27T03:20:31,1,1
2026-09-27T03:35:32,2,2
2026-09-27T03:50:33,2,2
2026-09-27T04:05:32,4,2
2026-09-27T04:20:32,6,1
2026-09-27T04:35:31,6,1
2026-09-27T04:50:31,6,1
2026-09-27T05:05:31,6,1
2026-09-27T05:20:31,0,0
2026-09-27T05:35:31,0,0
2026-09-27T05:50:31,0,0
2026-09-27T06:05:31,0,0
2026-09-27T06:20:31,0,0
2026-09-27T06:35:31,0,0
2026-09-27T06:50:31,0,0
2026-09-27T07:05:31,119,3
2026-09-27T07:20:31,116,2
2026-09-27T07:35:32,116,2
2026-09-27T07:50:31,117,2
2026-09-27T08:05:31,117,2
2026-09-27T08:20:31,118,3
2026-09-27T08:35:31,118,3
2026-09-27T08:50:31,23,3
2026-09-27T09:05:31,32,5
2026-09-27T09:20:31,49,2
2026-09-27T09:35:31,49,2
2026-09-27T09:50:31,49,2
2026-09-27T10:05:31,48,1
2026-09-27T10:20:31,50,3
2026-09-27T10:35:30,49,2
2026-09-27T10:50:30,2,2
2026-09-27T11:05:31,2,2
2026-09-27T11:20:31,1,1
2026-09-27T11:35:31,4,4
2026-09-27T11:50:31,4,4
2026-09-27T12:05:31,3,3
2026-09-27T12:20:32,3,3
2026-09-27T12:50:31,2,2
2026-09-27T13:05:31,2,2
2026-09-27T13:20:31,2,2
2026-09-27T13:35:31,2,2
2026-09-27T13:50:31,1,1
2026-09-27T14:05:31,1,1
2026-09-27T14:20:31,1,1
2026-09-27T14:35:31,1,1
2026-09-27T14:50:31,1,1
2026-09-27T15:05:31,9,2
2026-09-27T15:20:31,9,2
2026-09-27T15:35:31,9,2
2026-09-27T15:50:31,1,1
2026-09-27T16:05:31,2,2
2026-09-27T16:20:31,2,2
2026-09-27T16:35:31,2,2
2026-09-27T16:50:31,4,3
2026-09-27T17:05:31,4,3
2026-09-27T17:20:31,4,3
2026-09-27T17:35:31,4,3
2026-09-27T17:50:31,4,3
2026-09-27T18:05:31,5,4
2026-09-27T18:20:31,2,2
2026-09-27T18:35:31,20,7
2026-09-27T18:50:31,3,4
2026-09-27T19:05:31,3,3
2026-09-27T19:20:31,3,3
2026-09-27T19:35:31,3,3
2026-09-27T19:50:31,3,3
2026-09-27T20:05:31,3,3
2026-09-27T20:20:31,3,3
2026-09-27T20:35:31,1,1
2026-09-27T20:50:31,1,1
2026-09-27T21:05:31,1,1
2026-09-27T21:20:31,1,1
2026-09-27T21:35:31,1,1
2026-09-27T21:50:32,1,1
2026-09-27T22:05:31,2,2
2026-09-27T22:20:31,2,2
2026-09-27T22:35:31,2,2
2026-09-27T22:50:32,2,2
2026-09-27T23:05:31,5,3
2026-09-27T23:20:31,5,3
2026-09-27T23:35:32,5,3
2026-09-27T23:50:32,2,2
2026-09-28T00:05:31,1,1
2026-09-28T00:20:31,1,1
2026-09-28T00:35:31,1,1
2026-09-28T00:50:31,1,1
2026-09-28T01:05:31,1,1
2026-09-28T01:20:31,1,1
2026-09-28T01:35:31,1,1
2026-09-28T01:50:31,1,1
2026-09-28T02:05:31,0,0
2026-09-28T02:20:31,0,0
2026-09-28T02:35:31,0,0
2026-09-28T02:50:31,0,0
2026-09-28T03:05:31,0,0
2026-09-28T03:20:31,0,0
2026-09-28T03:35:31,0,0
2026-09-28T03:50:31,0,0
2026-09-28T04:05:31,0,0
2026-09-28T04:20:31,0,0
2026-09-28T04:35:31,0,0
2026-09-28T04:50:31,0,0
2026-09-28T05:05:31,0,0
2026-09-28T05:20:31,0,0
2026-09-28T05:35:31,0,0
2026-09-28T05:50:31,0,0
2026-09-28T06:05:31,0,0
2026-09-28T06:20:32,0,0
2026-09-28T06:35:31,0,0
2026-09-28T06:50:31,0,0
2026-09-28T07:05:31,0,0
2026-09-28T07:20:31,1,1
2026-09-28T07:35:31,1,1
2026-09-28T07:50:31,1,1
2026-09-28T08:05:31,1,1
2026-09-28T08:20:33,1,1
2026-09-28T08:35:32,0,0
2026-09-28T08:50:32,0,0
2026-09-28T09:05:32,0,0
2026-09-28T09:20:32,0,0
2026-09-28T09:35:31,0,0
2026-09-28T09:50:31,0,0
2026-09-28T10:05:31,0,0
2026-09-28T10:20:31,0,0
2026-09-28T10:35:31,83,4
2026-09-28T10:50:31,85,5
2026-09-28T11:05:32,87,7
2026-09-28T11:20:30,87,7
2026-09-28T11:35:31,86,6
2026-09-28T11:50:31,2,2
2026-09-28T12:05:31,1,1
2026-09-28T12:20:31,1,1
2026-09-28T12:35:33,3,2
2026-09-28T12:50:31,2,1
2026-09-28T13:05:31,3,2
2026-09-28T13:20:31,3,2
2026-09-28T13:35:31,5,4
2026-09-28T13:50:31,5,4
2026-09-28T14:05:31,6,3
2026-09-28T14:20:31,7,4
2026-09-28T14:35:31,7,4
2026-09-28T14:50:31,8,5
2026-09-28T15:05:31,8,5
2026-09-28T15:20:32,11,7
2026-09-28T15:35:31,14,9
2026-09-28T15:50:31,63,7
2026-09-28T16:05:31,61,7
2026-09-28T16:20:31,61,7
2026-09-28T16:35:31,62,8
2026-09-28T16:50:31,10,6
2026-09-28T17:05:31,11,7
2026-09-28T17:20:31,63,5
2026-09-28T17:50:31,18,6
2026-09-28T18:05:32,17,5
2026-09-28T18:20:31,18,5
2026-09-28T18:35:31,18,5
2026-09-28T18:50:32,22,7
2026-09-28T19:05:31,23,8
2026-09-28T19:20:31,22,7
2026-09-28T19:35:31,22,7
2026-09-28T19:50:31,20,7
2026-09-28T20:05:31,21,8
2026-09-28T20:20:31,21,8
2026-09-28T20:35:31,20,7
2026-09-28T20:50:31,20,7
2026-09-28T21:05:31,20,7
2026-09-28T21:20:32,19,6
2026-09-28T21:35:31,20,6
2026-09-28T21:50:31,15,5
2026-09-28T22:05:31,15,5
2026-09-28T22:20:31,15,5
2026-09-28T22:35:31,6,4
2026-09-28T22:50:31,6,4
2026-09-28T23:05:31,6,4
2026-09-28T23:20:31,6,4
2026-09-28T23:35:31,5,3
2026-09-28T23:50:31,5,3
2026-09-29T00:05:32,4,2
2026-09-29T00:20:31,4,2
2026-09-29T00:35:30,4,2
2026-09-29T00:50:31,4,2
2026-09-29T01:05:31,4,2
2026-09-29T01:20:31,4,2
2026-09-29T01:35:30,4,2
2026-09-29T01:50:30,4,2
2026-09-29T02:05:30,4,2
2026-09-29T02:20:30,4,2
2026-09-29T02:35:30,4,2
2026-09-29T02:50:30,4,2
2026-09-29T03:05:30,4,2
2026-09-29T03:20:30,4,3
2026-09-29T03:35:30,1,2
2026-09-29T03:50:30,1,1
2026-09-29T04:05:30,1,1
2026-09-29T04:20:30,1,1
2026-09-29T04:35:30,1,1
2026-09-29T04:50:30,1,1
2026-09-29T05:05:30,1,1
2026-09-29T05:20:30,1,1
2026-09-29T05:35:30,1,1
2026-09-29T05:50:30,1,1
2026-09-29T06:05:30,1,1
2026-09-29T06:20:30,0,0
2026-09-29T06:35:30,0,0
2026-09-29T06:50:30,0,0
2026-09-29T07:05:30,0,0
2026-09-29T07:20:30,4,1
2026-09-29T07:35:30,4,1
2026-09-29T07:50:30,0,0
2026-09-29T08:05:30,0,0
2026-09-29T08:20:30,0,0
2026-09-29T08:35:30,1,1
2026-09-29T08:50:30,0,0
2026-09-29T09:05:30,177,3
2026-09-29T09:20:30,180,4
2026-09-29T09:35:30,182,5
2026-09-29T09:50:31,194,8
2026-09-29T10:05:30,193,7
2026-09-29T10:20:30,84,7
2026-09-29T10:35:31,7,4
2026-09-29T10:50:31,62,6
2026-09-29T11:05:30,64,4
2026-09-29T11:20:30,119,16
2026-09-29T11:35:30,105,7
2026-09-29T11:50:31,103,7
2026-09-29T12:05:30,60,3
2026-09-29T12:20:30,61,4
2026-09-29T12:35:31,60,3
2026-09-29T12:50:30,60,3
2026-09-29T13:05:30,61,4
2026-09-29T13:20:31,61,4
2026-09-29T13:35:30,61,4
2026-09-29T13:50:30,61,4
2026-09-29T14:05:31,63,6
2026-09-29T14:20:31,61,4
2026-09-29T14:35:30,62,5
2026-09-29T14:50:30,62,10
2026-09-29T15:05:30,102,6
2026-09-29T15:20:30,101,5
2026-09-29T15:35:30,44,3
2026-09-29T15:50:31,47,4
2026-09-29T16:05:30,47,4
2026-09-29T16:20:30,44,3
2026-09-29T16:35:31,41,2
2026-09-29T16:50:30,20,2
2026-09-29T17:05:30,21,3
2026-09-29T17:20:30,20,2
2026-09-29T17:35:32,21,3
2026-09-29T17:50:30,21,3
2026-09-29T18:05:30,24,4
2026-09-29T18:20:30,25,5
2026-09-29T18:35:30,25,5
2026-09-29T18:50:30,24,4
2026-09-29T19:05:30,24,3
2026-09-29T19:20:30,24,3
2026-09-29T19:35:30,26,5
2026-09-29T19:50:30,26,5
2026-09-29T20:05:30,24,5
2026-09-29T20:20:30,24,5
2026-09-29T20:35:30,22,3
2026-09-29T20:50:30,22,3
2026-09-29T21:05:30,22,3
2026-09-29T21:20:31,23,3
2026-09-29T21:35:31,23,3
2026-09-29T21:50:31,23,3
2026-09-29T22:05:32,23,3
2026-09-29T22:20:31,23,3
2026-09-29T22:50:30,3,2
2026-09-29T23:05:30,1,1
2026-09-29T23:20:30,1,1
2026-09-29T23:35:31,1,1
2026-09-29T23:50:30,1,1
2026-09-30T00:05:30,1,1
2026-09-30T00:20:30,1,1
2026-09-30T00:35:30,1,1
2026-09-30T00:50:30,1,1
2026-09-30T01:05:30,1,1
2026-09-30T01:20:31,1,1
2026-09-30T01:35:30,1,1
2026-09-30T01:50:31,1,1
2026-09-30T02:05:30,1,1
2026-09-30T02:20:30,4,3
2026-09-30T02:35:30,4,3
2026-09-30T02:50:31,4,3
2026-09-30T03:05:30,4,2
2026-09-30T03:20:31,0,0
2026-09-30T03:35:31,0,0
2026-09-30T03:50:30,0,0
2026-09-30T04:05:31,0,0
2026-09-30T04:20:31,0,0
2026-09-30T04:35:30,0,0
2026-09-30T04:50:30,0,0
2026-09-30T05:05:30,0,0
2026-09-30T05:20:30,0,0
2026-09-30T05:35:30,0,0
2026-09-30T05:50:30,0,0
2026-09-30T06:05:30,0,0
2026-09-30T06:20:30,0,0
2026-09-30T06:35:30,0,0
2026-09-30T06:50:30,0,0
2026-09-30T07:05:31,0,0
2026-09-30T07:20:30,0,0
2026-09-30T07:35:30,0,0
2026-09-30T07:50:30,1,1
2026-09-30T08:05:30,1,1
2026-09-30T08:20:30,4,4
2026-09-30T08:35:31,5,4
2026-09-30T08:50:31,4,3
2026-09-30T09:05:30,5,4
2026-09-30T09:20:30,12,6
2026-09-30T09:35:30,13,7
2026-09-30T09:50:30,14,9
2026-09-30T10:05:30,15,10
2026-09-30T10:20:30,17,8
2026-09-30T10:35:31,18,9
2026-09-30T10:50:30,9,5
2026-09-30T11:05:31,8,4
2026-09-30T11:20:30,7,3
2026-09-30T11:35:31,23,4
2026-09-30T11:50:31,22,3
2026-09-30T12:05:31,22,3
2026-09-30T12:20:30,22,3
2026-09-30T12:35:31,22,3
2026-09-30T12:50:30,22,3
2026-09-30T13:05:31,21,2
2026-09-30T13:20:31,5,1
2026-09-30T13:35:30,6,2
2026-09-30T13:50:30,7,3
2026-09-30T14:05:31,8,3
2026-09-30T14:20:30,13,7
2026-09-30T14:35:30,13,7
2026-09-30T14:50:30,15,6
2026-09-30T15:05:31,15,7
2026-09-30T15:20:31,15,6
2026-09-30T15:35:30,7,5
2026-09-30T15:50:31,749,6
2026-09-30T16:05:30,753,7
2026-09-30T16:20:30,752,7
2026-09-30T16:35:30,752,6
2026-09-30T16:50:30,752,6
2026-09-30T17:05:30,753,7
2026-09-30T17:20:30,781,8
2026-09-30T17:35:30,22,7
2026-09-30T17:50:30,16,3
2026-09-30T18:05:30,19,6
2026-09-30T18:20:30,18,5
2026-09-30T18:35:30,18,5
2026-09-30T18:50:30,18,5
2026-09-30T19:05:30,17,4
2026-09-30T19:20:30,17,4
2026-09-30T19:35:30,16,3
2026-09-30T19:50:30,17,4
2026-09-30T20:05:30,2,2
2026-09-30T20:20:29,3,3
2026-09-30T20:35:30,2,2
2026-09-30T20:50:30,2,2
2026-09-30T21:05:30,2,2
2026-09-30T21:20:30,2,2
2026-09-30T21:35:31,2,2
2026-09-30T21:50:31,1,1
2026-09-30T22:05:30,1,1
2026-09-30T22:20:30,0,0
2026-09-30T22:35:33,0,0
2026-09-30T22:50:31,0,0
2026-09-30T23:05:31,0,0
2026-09-30T23:20:30,0,0
2026-09-30T23:35:30,0,0
2026-09-30T23:50:30,0,0
2026-10-01T00:05:30,0,0
2026-10-01T00:20:30,0,0
2026-10-01T00:35:30,0,0
2026-10-01T00:50:30,74,2
2026-10-01T01:05:30,150,2
2026-10-01T01:20:30,150,2
2026-10-01T01:35:30,150,2
2026-10-01T01:50:30,59,1
2026-10-01T02:05:30,59,1
2026-10-01T02:20:30,59,1
2026-10-01T02:35:30,59,1
2026-10-01T02:50:29,59,1
2026-10-01T03:05:30,59,1
2026-10-01T03:20:30,59,1
2026-10-01T03:50:30,59,1
2026-10-01T04:05:30,60,2
2026-10-01T04:20:30,60,2
2026-10-01T04:35:31,59,1
2026-10-01T04:50:30,59,1
2026-10-01T05:05:30,59,1
2026-10-01T05:20:30,59,1
2026-10-01T05:35:30,59,1
2026-10-01T05:50:30,59,1
2026-10-01T06:05:30,59,1
2026-10-01T06:20:30,59,1
2026-10-01T06:35:30,59,1
2026-10-01T06:50:30,59,1
2026-10-01T07:05:31,59,1
2026-10-01T07:20:31,59,1
2026-10-01T07:35:31,53,1
2026-10-01T07:50:31,55,3
2026-10-01T08:05:31,58,3
2026-10-01T08:20:31,59,4
2026-10-01T08:35:31,59,4
2026-10-01T08:50:30,63,8
2026-10-01T09:05:31,8,8
2026-10-01T09:20:30,24,8
2026-10-01T09:35:31,26,10
2026-10-01T09:50:30,45,11
2026-10-01T10:05:30,46,10
2026-10-01T10:20:30,49,8
2026-10-01T10:35:30,48,7
2026-10-01T10:50:31,24,6
2026-10-01T11:05:30,25,7
2026-10-01T11:20:30,23,6
2026-10-01T11:35:30,20,3
2026-10-01T11:50:30,20,3
2026-10-01T12:05:30,26,4
2026-10-01T12:20:30,19,2
2026-10-01T12:35:30,21,4
2026-10-01T12:50:30,22,5
2026-10-01T13:05:31,36,7
2026-10-01T13:20:30,81,5
2026-10-01T13:35:31,79,3
2026-10-01T13:50:30,78,2
2026-10-01T14:05:30,78,2
2026-10-01T14:20:30,78,2
2026-10-01T14:35:30,80,4
2026-10-01T14:50:30,79,3
2026-10-01T15:05:30,78,2
2026-10-01T15:20:30,78,2
2026-10-01T15:35:31,10,3
2026-10-01T15:50:31,11,4
2026-10-01T16:05:31,11,4
2026-10-01T16:20:31,17,8
2026-10-01T16:35:31,25,10
2026-10-01T16:50:31,67,10
2026-10-01T17:05:31,89,13
2026-10-01T17:20:31,89,13
2026-10-01T17:35:30,87,11
2026-10-01T17:50:30,83,9
2026-10-01T18:05:30,15,7
2026-10-01T18:20:30,24,5
2026-10-01T18:35:30,23,4
2026-10-01T18:50:30,23,4
2026-10-01T19:05:30,22,3
2026-10-01T19:20:30,22,3
2026-10-01T19:35:31,23,4
2026-10-01T19:50:30,23,4
2026-10-01T20:05:30,23,4
2026-10-01T20:20:30,23,4
2026-10-01T20:35:30,3,3
2026-10-01T20:50:30,3,3
2026-10-01T21:05:30,4,4
2026-10-01T21:20:30,3,3
2026-10-01T21:35:30,2,2
2026-10-01T21:50:30,2,2
2026-10-01T22:05:30,2,2
2026-10-01T22:20:30,2,2
2026-10-01T22:35:30,2,2
2026-10-01T22:50:30,2,2
2026-10-01T23:05:30,2,2
2026-10-01T23:20:31,2,2
2026-10-01T23:35:30,2,2
2026-10-01T23:50:30,2,2
2026-10-02T00:05:30,4,3
2026-10-02T00:20:30,16,5
2026-10-02T00:35:30,57,5
2026-10-02T00:50:31,57,5
2026-10-02T01:05:31,57,5
2026-10-02T01:20:31,57,5
2026-10-02T01:35:31,57,5
2026-10-02T01:50:31,52,4
2026-10-02T02:05:30,4,3
2026-10-02T02:20:30,4,3
2026-10-02T02:35:30,18,4
2026-10-02T02:50:30,67,6
2026-10-02T03:05:30,66,5
2026-10-02T03:20:30,65,4
2026-10-02T03:35:31,171,5
2026-10-02T03:50:30,177,6
2026-10-02T04:05:30,123,7
2026-10-02T04:20:30,116,5
2026-10-02T04:35:30,110,4
2026-10-02T04:50:30,105,4
2026-10-02T05:05:30,105,4
2026-10-02T05:20:30,59,4
2026-10-02T05:35:30,58,3
2026-10-02T05:50:31,60,3
2026-10-02T06:05:30,60,3
2026-10-02T06:20:30,60,3
2026-10-02T06:35:30,60,3
2026-10-02T06:50:30,497,6
2026-10-02T07:05:30,504,6
2026-10-02T07:20:30,261,13
2026-10-02T07:35:30,768,9
2026-10-02T07:50:31,765,8
2026-10-02T08:05:31,765,7
2026-10-02T08:20:30,767,7
2026-10-02T08:50:30,764,8
2026-10-02T09:05:30,767,11
2026-10-02T09:20:30,882,17
2026-10-02T09:35:31,1153,16
2026-10-02T09:50:30,452,16
2026-10-02T10:05:31,533,20
2026-10-02T10:20:31,531,18
2026-10-02T10:35:31,144,18
2026-10-02T10:50:31,133,11
2026-10-02T11:05:31,129,12
2026-10-02T11:20:31,155,16
2026-10-02T11:35:31,159,17
2026-10-02T11:50:31,158,17
2026-10-02T12:05:31,142,17
2026-10-02T12:20:31,71,16
2026-10-02T12:35:30,76,13
2026-10-02T12:50:31,69,10
2026-10-02T13:05:31,77,12
2026-10-02T13:20:30,106,11
2026-10-02T13:35:30,110,13
2026-10-02T13:50:30,102,14
2026-10-02T14:05:30,42,10
2026-10-02T14:20:30,44,11
2026-10-02T14:35:30,44,11
2026-10-02T14:50:30,37,10
2026-10-02T15:05:30,37,10
2026-10-02T15:20:30,29,10
2026-10-02T15:35:30,11,9
2026-10-02T15:50:30,11,9
2026-10-02T16:05:30,16,11
2026-10-02T16:20:30,129,11
2026-10-02T16:35:30,166,12
2026-10-02T16:50:31,171,14
2026-10-02T17:05:30,171,14
2026-10-02T17:20:31,62,14
2026-10-02T17:35:30,29,16
2026-10-02T17:50:31,19,16
2026-10-02T18:05:30,20,16
2026-10-02T18:20:30,20,15
2026-10-02T18:35:30,52,12
2026-10-02T18:50:31,50,10
2026-10-02T19:05:31,49,9
2026-10-02T19:20:30,49,9
2026-10-02T19:35:30,11,5
2026-10-02T19:50:30,10,4
2026-10-02T20:05:30,11,4
2026-10-02T20:20:33,12,4
2026-10-02T20:35:31,47,5
2026-10-02T20:50:31,48,6
2026-10-02T21:05:34,48,6
2026-10-02T21:20:32,48,6
2026-10-02T21:35:33,49,7
2026-10-02T21:50:31,49,7
2026-10-02T22:05:31,41,6
2026-10-02T22:20:42,41,6
2026-10-02T22:35:31,41,6
2026-10-02T22:50:31,41,6
2026-10-02T23:05:31,41,6
2026-10-02T23:20:31,41,5
2026-10-02T23:35:31,40,4
2026-10-02T23:50:31,40,4
2026-10-03T00:05:33,39,3
2026-10-03T00:20:43,4,2
2026-10-03T00:35:36,4,2
2026-10-03T00:50:33,4,2
2026-10-03T01:05:33,7,3
2026-10-03T01:35:33,49,3
2026-10-03T01:50:32,49,3
2026-10-03T02:05:33,49,3
2026-10-03T02:20:33,49,3
2026-10-03T02:35:33,49,3
2026-10-03T02:50:32,49,3
2026-10-03T03:05:33,49,3
2026-10-03T03:20:32,49,3
2026-10-03T03:35:36,49,3
2026-10-03T03:50:33,49,3
2026-10-03T04:05:32,49,3
2026-10-03T04:20:32,49,3
2026-10-03T04:35:32,50,4
2026-10-03T04:50:32,50,4
2026-10-03T05:05:32,50,4
2026-10-03T05:20:32,50,4
2026-10-03T05:35:32,50,5
2026-10-03T05:50:32,50,4
2026-10-03T06:05:32,49,3
2026-10-03T06:20:32,49,3
2026-10-03T06:35:32,49,3
2026-10-03T06:50:32,47,2
2026-10-03T07:05:31,47,2
2026-10-03T07:20:31,47,2
2026-10-03T07:35:32,51,5
2026-10-03T07:50:32,9,4
2026-10-03T08:05:32,10,5
2026-10-03T08:20:32,14,6
2026-10-03T08:35:33,60,5
2026-10-03T08:50:32,59,4
2026-10-03T09:05:32,4,3
2026-10-03T09:20:32,8,4
2026-10-03T09:35:32,8,4
2026-10-03T09:50:32,3,2
2026-10-03T10:05:32,3,2
2026-10-03T10:20:32,3,2
2026-10-03T10:35:32,3,2
2026-10-03T10:50:31,494,5
2026-10-03T11:05:31,494,5
2026-10-03T11:20:31,492,4
2026-10-03T11:35:31,492,4
2026-10-03T11:50:31,261,3
2026-10-03T12:05:31,3,2
2026-10-03T12:20:31,4,2
2026-10-03T12:35:31,5,2
2026-10-03T12:50:32,6,3
2026-10-03T13:05:32,10,4
2026-10-03T13:20:32,10,3
2026-10-03T13:50:31,2,2
2026-10-03T14:05:31,2,2
2026-10-03T14:20:31,4,4
2026-10-03T14:35:31,9,3
2026-10-03T14:50:32,79,3
2026-10-03T15:05:32,83,4
2026-10-03T15:20:32,84,5
2026-10-03T15:35:32,82,3
2026-10-03T15:50:32,83,4
2026-10-03T16:05:32,83,4
2026-10-03T16:20:31,85,5
2026-10-03T16:35:31,185,4
2026-10-03T16:50:31,193,5
2026-10-03T17:05:31,233,6
2026-10-03T17:20:31,232,5
2026-10-03T17:35:32,232,5
2026-10-03T18:05:32,231,4
2026-10-03T18:20:32,232,5
2026-10-03T18:35:32,231,4
2026-10-03T18:50:32,125,3
2026-10-03T19:05:32,125,3
2026-10-03T19:20:32,110,3
2026-10-03T19:35:32,114,4
2026-10-03T19:50:32,113,3
2026-10-03T20:05:32,113,3
2026-10-03T20:20:32,113,3
2026-10-03T20:35:32,114,3
2026-10-03T20:50:32,115,3
2026-10-03T21:05:32,111,2
2026-10-03T21:20:32,96,2
2026-10-03T21:35:32,96,2
2026-10-03T21:50:32,96,2
2026-10-03T22:05:32,98,3
2026-10-03T22:20:32,99,3
2026-10-03T22:35:32,98,2
2026-10-03T22:50:32,98,2
2026-10-03T23:05:32,98,2
2026-10-03T23:20:32,98,2
2026-10-03T23:35:32,98,2
2026-10-03T23:50:32,98,2
2026-10-04T00:05:32,98,2
2026-10-04T00:20:32,98,2
2026-10-04T00:35:31,98,2
2026-10-04T00:50:31,99,3
2026-10-04T01:05:31,99,3
2026-10-04T01:20:31,99,3
2026-10-04T01:35:31,98,2
2026-10-04T01:50:30,111,3
2026-10-04T02:05:31,76,3
2026-10-04T02:20:30,76,3
2026-10-04T02:35:30,76,3
2026-10-04T02:50:30,76,3
2026-10-04T03:05:30,76,3
2026-10-04T03:20:31,76,3
2026-10-04T03:35:30,76,3
2026-10-04T03:50:30,76,3
2026-10-04T04:05:30,76,3
2026-10-04T04:20:30,14,2
2026-10-04T04:35:30,15,3
2026-10-04T04:50:30,14,2
2026-10-04T05:05:30,14,2
2026-10-04T05:20:31,14,2
2026-10-04T05:35:31,15,3
2026-10-04T05:50:31,15,3
2026-10-04T06:05:31,11,4
2026-10-04T06:20:31,11,4
2026-10-04T06:35:30,1292,6
2026-10-04T06:50:30,598,5
2026-10-04T07:05:31,600,7
2026-10-04T07:20:31,601,8
2026-10-04T07:35:31,601,8
2026-10-04T07:50:31,602,9
2026-10-04T08:05:31,16,9
2026-10-04T08:20:31,16,9
2026-10-04T08:35:31,15,8
2026-10-04T08:50:31,10,3
2026-10-04T09:05:31,10,3
2026-10-04T09:20:31,32,6
2026-10-04T09:35:31,33,7
2026-10-04T09:50:31,35,9
2026-10-04T10:05:31,79,8
2026-10-04T10:20:31,69,5
2026-10-04T10:35:31,68,4
2026-10-04T10:50:31,69,4
2026-10-04T11:05:31,49,3
2026-10-04T11:20:31,2,2
2026-10-04T11:35:31,2,2
2026-10-04T11:50:31,0,0
2026-10-04T12:05:31,1,1
2026-10-04T12:20:31,1,1
2026-10-04T12:35:31,2,2
2026-10-04T12:50:31,1,1
2026-10-04T13:05:31,1,1
2026-10-04T13:20:31,1,1
2026-10-04T13:35:32,2,2
2026-10-04T13:50:31,2,2
2026-10-04T14:05:31,2,2
2026-10-04T14:20:31,2,2
2026-10-04T14:35:31,11,5
2026-10-04T14:50:31,23,6
2026-10-04T15:05:31,27,6
2026-10-04T15:20:31,30,5
2026-10-04T15:35:31,30,5
2026-10-04T15:50:31,30,4
2026-10-04T16:05:31,34,4
2026-10-04T16:20:31,34,4
2026-10-04T16:35:31,37,5
2026-10-04T16:50:31,38,6
2026-10-04T17:05:31,40,6
2026-10-04T17:20:31,41,6
2026-10-04T17:35:31,42,6
2026-10-04T17:50:31,45,6
2026-10-04T18:05:31,45,6
2026-10-04T18:20:31,49,6
2026-10-04T18:35:31,52,7
2026-10-04T18:50:31,50,4
2026-10-04T19:05:31,50,4
2026-10-04T19:20:31,55,4
2026-10-04T19:35:31,61,5
2026-10-04T19:50:31,62,4
2026-10-04T20:05:31,66,5
2026-10-04T20:20:31,66,4
2026-10-04T20:35:31,263,5
2026-10-04T20:50:31,125,5
2026-10-04T21:05:31,124,4
2026-10-04T21:20:31,124,4
2026-10-04T21:35:31,124,4
2026-10-04T21:50:31,118,3
2026-10-04T22:05:31,119,4
2026-10-04T22:20:31,120,5
2026-10-04T22:35:31,120,5
2026-10-04T22:50:31,120,5
2026-10-04T23:05:31,120,5
2026-10-04T23:20:31,20,5
2026-10-04T23:35:31,21,6
2026-10-04T23:50:31,20,5
2026-10-05T00:05:31,20,5
2026-10-05T00:20:30,19,4
2026-10-05T00:35:31,19,4
2026-10-05T00:50:30,19,4
2026-10-05T01:05:30,18,3
2026-10-05T01:20:30,18,3
2026-10-05T01:35:31,18,3
2026-10-05T01:50:31,18,3
2026-10-05T02:05:31,17,2
2026-10-05T02:20:30,17,2
2026-10-05T02:35:30,17,2
2026-10-05T02:50:30,17,2
2026-10-05T03:05:30,17,2
2026-10-05T03:20:30,16,1
2026-10-05T03:35:30,16,1
2026-10-05T03:50:30,16,1
2026-10-05T04:05:30,16,1
2026-10-05T04:20:30,0,0
2026-10-05T04:35:31,4,1
2026-10-05T04:50:31,5,1
2026-10-05T05:05:31,6,1
2026-10-05T05:20:31,9,2
